id,name,description,method,path,module,is_public,created_at,updated_at
9c4fe8d0-d791-4e6f-b3d9-f53fa777e31a,CREATE_BRAND,,POST,/v1/brands/,catalog-service,false,2026-03-24T09:34:28.383Z,2026-03-24T09:34:28.383Z
db161b34-065b-4f94-992c-9a3d0561252d,UPDATE_BRAND,,PUT,/v1/brands/:id,catalog-service,false,2026-03-24T09:34:28.383Z,2026-03-24T09:34:28.383Z
307f855b-dda7-4f5e-adea-bdb568445d59,UPLOAD_BRAND_LOGO,,POST,/v1/brands/upload-logo,catalog-service,false,2026-03-24T09:34:28.383Z,2026-03-24T09:34:28.383Z
dae7bb49-374d-457b-ae94-91172a63672d,DELETE_BRAND,,DELETE,/v1/brands/:id,catalog-service,false,2026-03-24T09:34:28.383Z,2026-03-24T09:34:28.383Z
dceac3de-2d9a-4dbd-a6dc-bfa7647a7321,GET_BRANDS_PAGINATED,,GET,/v1/brands/,catalog-service,true,2026-03-24T09:34:28.383Z,2026-03-24T09:34:28.383Z
20e5123f-f389-42e1-9d87-5b0a46d9225b,CREATE_CATEGORY,,POST,/v1/categories/,catalog-service,false,2026-03-24T09:34:28.383Z,2026-03-24T09:34:28.383Z
b65c0085-23ba-44a0-8b5a-ae82f3991fb3,GET_CATEGORIES,,GET,/v1/categories/,catalog-service,true,2026-03-24T09:34:28.383Z,2026-03-24T09:34:28.383Z
80833a3f-8059-4619-a4cd-946d3eafa6a6,GET_ROOT_CATEGORIES,,GET,/v1/categories/root,catalog-service,true,2026-03-24T09:34:28.383Z,2026-03-24T09:34:28.383Z
ef89951b-777a-42d6-bc6e-b9a8ba4477d1,GET_CATEGORY,,GET,/v1/categories/:id,catalog-service,true,2026-03-24T09:34:28.383Z,2026-03-24T09:34:28.383Z
8033d7ee-cd3a-45e7-ad38-3da667be9f69,UPLOAD_PRODUCT_IMAGE,,POST,/v1/products/upload-image,catalog-service,false,2026-03-24T09:34:28.383Z,2026-03-24T09:34:28.383Z
2316ca9c-6213-4a35-afe1-33fe36d29b68,UPLOAD_PRODUCT_VIDEO,,POST,/v1/products/upload-video,catalog-service,false,2026-03-24T09:34:28.383Z,2026-03-24T09:34:28.383Z
0d46b230-b85b-4664-b4ae-d06a90397e03,CREATE_PRODUCT,,POST,/v1/products/,catalog-service,false,2026-03-24T09:34:28.383Z,2026-03-24T09:34:28.383Z
ab639ef1-7bb8-44e0-9b9c-31998539e3ed,GET_SHOP_PRODUCTS_PAGINATED,,GET,/v1/products/shop/:shopId,catalog-service,false,2026-03-24T09:34:28.383Z,2026-03-24T09:34:28.383Z
d51cf1c0-d85d-4855-aaa3-b7bca5b96c0b,GET_PRODUCT_DETAIL,,GET,/v1/products/:id,catalog-service,true,2026-03-24T09:34:28.383Z,2026-03-24T09:34:28.383Z
dc43eb9b-9e42-456b-98f4-92247d7cd496,UPDATE_PRODUCT,,PUT,/v1/products/:id,catalog-service,false,2026-03-24T09:34:28.383Z,2026-03-24T09:34:28.383Z
95c0c988-6ab2-4f49-b6a1-5810d43dd207,SOFT_DELETE_PRODUCT,,DELETE,/v1/products/:id/soft-delete,catalog-service,false,2026-03-24T09:34:28.383Z,2026-03-24T09:34:28.383Z
3a8363dd-1805-4c1a-b105-43a483ecf785,HIDE_PRODUCT,,PATCH,/v1/products/:id/hide,catalog-service,false,2026-03-24T09:34:28.383Z,2026-03-24T09:34:28.383Z
f04e6042-c2d4-4b88-8e20-7b9788a0a024,UNHIDE_PRODUCT,,PATCH,/v1/products/:id/unhide,catalog-service,false,2026-03-24T09:34:28.383Z,2026-03-24T09:34:28.383Z
cbaa15c4-1bfd-4660-bb30-a4c94e970738,GET_PRODUCTS_PAGINATED,,GET,/v1/products/,catalog-service,false,2026-03-24T09:34:28.383Z,2026-03-24T09:34:28.383Z
055910cc-316c-4fc7-9aa9-24354f05a6b5,APPROVE_PRODUCT,,PATCH,/v1/products/:id/approve,catalog-service,false,2026-03-24T09:34:28.383Z,2026-03-24T09:34:28.383Z
fcab54b5-0556-4b6b-8288-ee3ea7891a4c,REJECT_PRODUCT,,PATCH,/v1/products/:id/reject,catalog-service,false,2026-03-24T09:34:28.383Z,2026-03-24T09:34:28.383Z
3f258503-bde9-47c7-898e-19ecbde8b1b9,GET_PRODUCT_TO_SOLD,,GET,/v1/products/:id/to-sold,catalog-service,false,2026-03-24T09:34:28.383Z,2026-03-24T09:34:28.383Z
6cb2fee8-9572-4d9a-a667-35adc5598415,GET_PRODUCT_REVIEWS_PAGINATED,,GET,/v1/products/:id/reviews,catalog-service,true,2026-03-24T09:34:28.383Z,2026-03-24T09:34:28.383Z
74abac33-6328-47bb-bccb-486ce030edd3,CREATE_PRODUCT_REVIEW,,POST,/v1/products/:id/reviews,catalog-service,false,2026-03-24T09:34:28.383Z,2026-03-24T09:34:28.383Z
8d65512b-cdaa-424f-b941-be8e3486f39f,GET_SHOP_REVIEWS_PAGINATED,,GET,/v1/products/shop/:shopId/reviews,catalog-service,false,2026-03-24T09:34:28.383Z,2026-03-24T09:34:28.383Z
63c7eccf-c82c-47e2-a17d-205288c9307b,GET_REPORTED_REVIEWS_PAGINATED,,GET,/v1/products/reviews/reported,catalog-service,false,2026-03-24T09:34:28.383Z,2026-03-24T09:34:28.383Z
a477fcb1-4890-4ae9-bdfe-a9377dd49fac,HIDE_PRODUCT_REVIEW,,PATCH,/v1/products/reviews/:id/hide,catalog-service,false,2026-03-24T09:34:28.383Z,2026-03-24T09:34:28.383Z
d729eeac-4fe1-4fd2-9810-5b2ab590e72c,REPORT_REVIEW,,POST,/v1/reviews/:id/report,catalog-service,false,2026-03-24T09:34:28.383Z,2026-03-24T09:34:28.383Z
868205d0-5337-4656-9125-28cb83bf955e,CREATE_REVIEW_REPLY,,POST,/v1/reviews/:id/reply,catalog-service,false,2026-03-24T09:34:28.383Z,2026-03-24T09:34:28.383Z
f885421c-5ab5-4e55-9aee-26dfa2099e8c,GET_CONVERSATIONS,,GET,/v1/chats/conversations,chat-service,false,2026-03-24T09:34:28.383Z,2026-03-24T09:34:28.383Z
123c677b-c489-4b19-af34-f2e360ac36cc,GET_MESSAGES,,GET,/v1/chats/conversations/:id/messages,chat-service,false,2026-03-24T09:34:28.383Z,2026-03-24T09:34:28.383Z
6a0cb4a8-80fb-49e8-becc-46ad01f7f84f,SEND_MESSAGE,,POST,/v1/chats/conversations/messages,chat-service,false,2026-03-24T09:34:28.383Z,2026-03-24T09:34:28.383Z
7424cabd-390a-4698-b3f9-6116157beb8e,MARK_AS_READ,,PATCH,/v1/chats/conversations/:id/read,chat-service,false,2026-03-24T09:34:28.383Z,2026-03-24T09:34:28.383Z
63f1ba1b-2647-43a6-8100-f8376dba5cc8,DELETE_MESSAGE,,DELETE,/v1/chats/messages/:id,chat-service,false,2026-03-24T09:34:28.383Z,2026-03-24T09:34:28.383Z
4fcceb5f-9bfc-44ad-ba8f-cfc0bd057206,GET_UNREAD_COUNT,,GET,/v1/chats/unread-count,chat-service,false,2026-03-24T09:34:28.383Z,2026-03-24T09:34:28.383Z
b1b4dfd7-f2b0-4775-883d-f071c8f1c896,CHECK_INVENTORY_TO_MINUS,,PUT,/v1/inventories/check-inventory-to-minus,inventory-service,false,2026-03-24T09:34:28.383Z,2026-03-24T09:34:28.383Z
6a23a5e8-c97d-4727-9c0f-bfbe01b79871,CHECK_INVENTORY_TO_PLUS,,PUT,/v1/inventories/check-inventory-to-plus,inventory-service,false,2026-03-24T09:34:28.383Z,2026-03-24T09:34:28.383Z
848e7f4c-432b-457a-9ccc-ca490a98d123,GET_ADMIN_ORDERS,,GET,/v1/orders,order-service,false,2026-03-24T09:34:28.383Z,2026-03-24T09:34:28.383Z
c0f88539-f6a5-458b-b8d3-0d0fe63be998,GET_USER_ORDERS,,GET,/v1/orders/users/:userId,order-service,false,2026-03-24T09:34:28.383Z,2026-03-24T09:34:28.383Z
2f9bb1c4-4739-43fa-b116-748403c60196,CALCULATE_PRICE,,POST,/v1/orders/calculate-price,order-service,false,2026-03-24T09:34:28.383Z,2026-03-24T09:34:28.383Z
677e1174-95f1-485a-9817-ce835e18a2fd,CANCEL_ORDER,,PATCH,/v1/orders/:orderId/cancel,order-service,false,2026-03-24T09:34:28.383Z,2026-03-24T09:34:28.383Z
7a515af2-a791-4122-8f96-d87fb36212de,ACCEPT_ORDER,,PATCH,/v1/orders/:orderId/accept,order-service,false,2026-03-24T09:34:28.383Z,2026-03-24T09:34:28.383Z
0ca81ac5-e294-4c57-a955-102af28ad4af,DISPATCH_ORDER_TO_CARRIER,,PATCH,/v1/orders/:orderId/dispatch-to-carrier,order-service,false,2026-03-24T09:34:28.383Z,2026-03-24T09:34:28.383Z
3ee12e38-c3eb-43be-811f-b6edc1a61a87,GET_SHOP_ORDERS,,GET,/v1/orders/shop/:shopId,order-service,false,2026-03-24T09:34:28.383Z,2026-03-24T09:34:28.383Z
8ae90b2c-92aa-49c2-863d-d5a2e99163b9,ARRIVED_WAREHOUSE,,POST,/v1/orders/:id/arrived-warehouse,order-service,false,2026-03-24T09:34:28.383Z,2026-03-24T09:34:28.383Z
af9ca778-2ea6-473e-8e16-7e932e83a3ab,GET_ORDER_TO_SHIPPER,,GET,/v1/orders/:id/shipper,order-service,false,2026-03-24T09:34:28.383Z,2026-03-24T09:34:28.383Z
e4710bb6-40cd-416e-acfc-e826b2d7edf8,GET_ORDER_DELIVERY_HISTORY,,GET,/v1/orders/:id/delivery-history,order-service,false,2026-03-24T09:34:28.383Z,2026-03-24T09:34:28.383Z
bde4f46a-6029-4ab2-91c0-78283da09f01,DELIVERY_SUCCESS,,POST,/v1/orders/:id/delivery-success,order-service,false,2026-03-24T09:34:28.383Z,2026-03-24T09:34:28.383Z
632a5ab4-e1d2-4ac8-852d-ee3d62062be1,DELIVERY_FAIL,,POST,/v1/orders/:id/delivery-fail,order-service,false,2026-03-24T09:34:28.383Z,2026-03-24T09:34:28.383Z
9a81ac6c-4379-4e28-91aa-b66cea515ff6,REQUEST_RETURN_ORDER_ITEM,,PATCH,/v1/orders/items/:itemId/return-request,order-service,false,2026-03-24T09:34:28.383Z,2026-03-24T09:34:28.383Z
a533cfbb-3107-4a32-918e-8a191c3a88e0,GET_SCANNER_WAREHOUSE,,GET,/v1/scanners/:scannerId/warehouse,order-service,false,2026-03-24T09:34:28.383Z,2026-03-24T09:34:28.383Z
31befde6-ba92-44b6-a67a-6e59497892df,GET_SHOP_SETTLEMENTS,,GET,/v1/settlements/shop/:shopId,order-service,false,2026-03-24T09:34:28.383Z,2026-03-24T09:34:28.383Z
c71dbaaa-668d-4640-a170-a0fd4f93d749,CREATE_WAREHOUSE,,POST,/v1/warehouses,order-service,false,2026-03-24T09:34:28.383Z,2026-03-24T09:34:28.383Z
4d4011dd-bf6c-4bc4-858e-1a997e5de4bf,SEPAY_WEBHOOK,,POST,/v1/payments/sepay-webhook,payment-service,true,2026-03-24T09:34:28.383Z,2026-03-24T09:34:28.383Z
18fe0435-c901-47be-aaa2-110686f01050,PLACE_ORDER,,POST,/v1/sagas/place-order,saga-orchestrator,false,2026-03-24T09:34:28.383Z,2026-03-24T09:34:28.383Z
f7aa69c8-7206-4d21-a0d0-e6e1e7c66865,CONFIRM_WALLET_PAYMENT,,POST,/v1/sagas/confirm-wallet-payment,saga-orchestrator,false,2026-03-24T09:34:28.383Z,2026-03-24T09:34:28.383Z
9493220a-4f30-4ff2-adaa-95dd4514da22,TRACK_PRODUCT_VIEW,,POST,/v1/recommendations/views,search-service,false,2026-03-24T09:34:28.383Z,2026-03-24T09:34:28.383Z
3364eb30-2ca7-4016-847a-49834a37cfdc,GET_TODAY_RECOMMENDATIONS,,GET,/v1/recommendations/,search-service,true,2026-03-24T09:34:28.383Z,2026-03-24T09:34:28.383Z
26c70bd9-31d0-4b1f-9911-07bf782bcc4a,SEARCH_PRODUCTS,,GET,/v1/searchs/,search-service,true,2026-03-24T09:34:28.383Z,2026-03-24T09:34:28.383Z
a16cb147-38ee-4e98-836d-13d6bb09c255,GET_ROOT_CATEGORY_PRODUCTS,,GET,/v1/searchs/root-category-products,search-service,true,2026-03-24T09:34:28.383Z,2026-03-24T09:34:28.383Z
a00fed37-190d-4f1b-9b73-9d18044d0aeb,GET_SHOPS_PAGINATED,,GET,/v1/admin/shops/,shop-service,false,2026-03-24T09:34:28.383Z,2026-03-24T09:34:28.383Z
02eb21b9-9e93-4c33-8316-638e7da771e0,APPROVE_SHOP,,PATCH,/v1/admin/shops/:id/approve,shop-service,false,2026-03-24T09:34:28.383Z,2026-03-24T09:34:28.383Z
3bf4d1f2-c329-4708-8cdd-faef4a0c1d7b,REJECT_SHOP,,PATCH,/v1/admin/shops/:id/reject,shop-service,false,2026-03-24T09:34:28.383Z,2026-03-24T09:34:28.383Z
da527266-43b8-42c9-9601-3e2f4b945d14,BAN_SHOP,,PATCH,/v1/admin/shops/:id/ban,shop-service,false,2026-03-24T09:34:28.383Z,2026-03-24T09:34:28.383Z
7cd6f60a-4da2-4969-8739-04d115d1e7c6,UNBAN_SHOP,,PATCH,/v1/admin/shops/:id/unban,shop-service,false,2026-03-24T09:34:28.383Z,2026-03-24T09:34:28.383Z
e6afb708-bd9c-4ec2-84d2-8af59f66ed94,CREATE_SHOP,,POST,/v1/shops/,shop-service,false,2026-03-24T09:34:28.383Z,2026-03-24T09:34:28.383Z
20f1347f-cc75-4dbe-9983-57f4501fcc17,HAS_SHOP,,GET,/v1/shops/has-shop,shop-service,false,2026-03-24T09:34:28.383Z,2026-03-24T09:34:28.383Z
12ba87f8-83c3-452c-9ff7-ba7410f5d5e4,GET_SHOP_BY_OWNER_ID,,GET,/v1/shops/,shop-service,false,2026-03-24T09:34:28.383Z,2026-03-24T09:34:28.383Z
bd1bbaca-96a8-40ac-8dfc-9dedd1ec64d8,UPDATE_SHOP_LOGO,,PATCH,/v1/shops/:id/logo,shop-service,false,2026-03-24T09:34:28.383Z,2026-03-24T09:34:28.383Z
bbb1b9ee-408f-4eb0-95c9-9145141515b2,UPDATE_SHOP,,PUT,/v1/shops/:id/,shop-service,false,2026-03-24T09:34:28.383Z,2026-03-24T09:34:28.383Z
52c23a6b-a301-44ce-8909-f0f717439dc9,TOGGLE_JOIN_SALE_CAMPAIGN,,PATCH,/v1/shops/:id/sale-campaign,shop-service,false,2026-03-24T09:34:28.383Z,2026-03-24T09:34:28.383Z
6b0aa37e-f158-404d-8c76-1d2b37fbfb5a,CLOSE_SHOP,,PATCH,/v1/shops/:id/close,shop-service,false,2026-03-24T09:34:28.383Z,2026-03-24T09:34:28.383Z
672cfdbd-8330-42bb-979d-506c7721a148,GET_USERS_PAGINATED,,GET,/v1/admin/users/,user-service,false,2026-03-24T09:34:28.383Z,2026-03-24T09:34:28.383Z
59ac1e62-cdd1-4a28-bbc9-8c8edda6ed66,BAN_USER,,PATCH,/v1/admin/users/:id/ban,user-service,false,2026-03-24T09:34:28.383Z,2026-03-24T09:34:28.383Z
6b887477-f6a6-461f-a465-b1426f9ee6c6,UNBAN_USER,,PATCH,/v1/admin/users/:id/unban,user-service,false,2026-03-24T09:34:28.383Z,2026-03-24T09:34:28.383Z
1595f099-8b37-4eb7-8f85-fbc8b5f9b9a0,CREATE_ROLE_CATEGORY,,POST,/v1/role-categories/,user-service,false,2026-03-24T09:34:28.383Z,2026-03-24T09:34:28.383Z
7c7f8258-2a5a-4e26-b3ff-5e34432b5513,GET_TOP_LEVEL_CATEGORY_IDS,,GET,/v1/roles/:id/category-ids/top-level,user-service,false,2026-03-24T09:34:28.383Z,2026-03-24T09:34:28.383Z
0143eecc-c038-4806-ba09-040d20077c80,ADD_TO_CART,,PUT,/v1/users/add-to-cart,user-service,false,2026-03-24T09:34:28.383Z,2026-03-24T09:34:28.383Z
f972f59d-4bac-4584-97b1-cf1f08f1a5d5,DELETE_CART_ITEMS,,PATCH,/v1/users/delete-cart-items,user-service,false,2026-03-24T09:34:28.383Z,2026-03-24T09:34:28.383Z
15507f4e-16ed-44cd-bdcd-afb6c0fc9bf7,UPDATE_CART_QUANTITY,,PUT,/v1/users/update-cart-quantity,user-service,false,2026-03-24T09:34:28.383Z,2026-03-24T09:34:28.383Z
296e00e7-f25d-4245-84b4-fc2e49e19fc5,UPDATE_ADDRESS,,PUT,/v1/users/address/:id,user-service,false,2026-03-24T09:34:28.383Z,2026-03-24T09:34:28.383Z
9119f5d9-8262-49fb-b6f7-a8fdab237f1f,DELETE_ADDRESS,,DELETE,/v1/users/address/:id,user-service,false,2026-03-24T09:34:28.383Z,2026-03-24T09:34:28.383Z
36c801ca-bdee-4594-b134-2e63cc542bdc,SET_DEFAULT_ADDRESS,,PATCH,/v1/users/address/:id/set-default,user-service,false,2026-03-24T09:34:28.383Z,2026-03-24T09:34:28.383Z
f174e6bd-64f1-40da-ac90-961a404b8b76,CHECK_PASS_CODE,,GET,/v1/users/check-pass-code,user-service,false,2026-03-24T09:34:28.383Z,2026-03-24T09:34:28.383Z
cba067d7-689c-4709-9d01-74d874aef8a2,CREATE_PASS_CODE,,POST,/v1/users/pass-code,user-service,false,2026-03-24T09:34:28.383Z,2026-03-24T09:34:28.383Z
405e91d8-aedb-4d74-8ef0-0bbced84da8a,CHANGE_PASS_CODE,,PUT,/v1/users/change-pass-code,user-service,false,2026-03-24T09:34:28.383Z,2026-03-24T09:34:28.383Z
a0e07bb1-792f-4d04-a99c-9ea4a89c8eec,REQUEST_PASS_CODE_RESET,,POST,/v1/users/request-pass-code-reset,user-service,false,2026-03-24T09:34:28.383Z,2026-03-24T09:34:28.383Z
66a961bb-b4ca-415d-80cc-b21c0d7732f2,RESET_PASS_CODE,,PUT,/v1/users/reset-pass-code,user-service,false,2026-03-24T09:34:28.383Z,2026-03-24T09:34:28.383Z
a6feee4a-80d4-476e-a9ce-37f5de8eb1fb,GET_WALLET_BALANCE,,GET,/v1/users/wallet,user-service,false,2026-03-24T09:34:28.383Z,2026-03-24T09:34:28.383Z
f30d3a9d-93dc-46b5-a451-24089eea1689,GET_PROFILE,,GET,/v1/users/:id,user-service,false,2026-03-24T09:34:28.383Z,2026-03-24T09:34:28.383Z
facf3582-fb75-4d3b-a3ac-ca92f45a4404,UPDATE_AVATAR,,PATCH,/v1/users/:id/avatar,user-service,false,2026-03-24T09:34:28.383Z,2026-03-24T09:34:28.383Z
6e68dc87-157b-4727-bce8-eb803d4e47f6,UPDATE_PROFILE,,PUT,/v1/users/:id,user-service,false,2026-03-24T09:34:28.383Z,2026-03-24T09:34:28.383Z
2d4eaf77-1ba7-4c51-b474-8c8256713234,GET_ADDRESSES,,GET,/v1/users/:id/address,user-service,false,2026-03-24T09:34:28.383Z,2026-03-24T09:34:28.383Z
8984c003-6b0a-4d5c-98c1-78b18e36070b,GET_DEFAULT_ADDRESS,,GET,/v1/users/:id/address/default,user-service,false,2026-03-24T09:34:28.383Z,2026-03-24T09:34:28.383Z
62b87042-3b7a-46de-b8ca-3f9259c013f4,ADD_ADDRESS,,POST,/v1/users/:id/address,user-service,false,2026-03-24T09:34:28.383Z,2026-03-24T09:34:28.383Z
10fc13c4-15f7-4fca-bc21-6b7fc4c0f8ee,CHANGE_PASSWORD,,PUT,/v1/users/:id/change-password,user-service,false,2026-03-24T09:34:28.383Z,2026-03-24T09:34:28.383Z
8f4727e4-aa88-4322-a47b-bc5e3224ec60,COUNT_CART_ITEMS,,GET,/v1/users/:id/count-cart-items,user-service,false,2026-03-24T09:34:28.383Z,2026-03-24T09:34:28.383Z
41351a1c-592a-442f-ba3a-600372353be0,GET_CART,,GET,/v1/users/:id/cart,user-service,false,2026-03-24T09:34:28.383Z,2026-03-24T09:34:28.383Z
b18c8771-9f9a-412e-9f80-d2797c0dc9c1,CREATE_SZONE_VOUCHER,,POST,/v1/admin/vouchers/,voucher-service,false,2026-03-24T09:34:28.383Z,2026-03-24T09:34:28.383Z
a36201cb-3de6-4f7c-b01f-df29f08ce427,SOFT_DELETE_SZONE_VOUCHER,,DELETE,/v1/admin/vouchers/:id,voucher-service,false,2026-03-24T09:34:28.383Z,2026-03-24T09:34:28.383Z
2e502b41-6881-4847-8ce4-f0869826aab9,UPDATE_SZONE_VOUCHER,,PUT,/v1/admin/vouchers/:id,voucher-service,false,2026-03-24T09:34:28.383Z,2026-03-24T09:34:28.383Z
94e1ee6b-78e0-4dbc-a577-6005038fe1bc,GET_SHOP_VOUCHERS,,GET,/v1/vouchers/,voucher-service,true,2026-03-24T09:34:28.383Z,2026-03-24T09:34:28.383Z
ea60bf75-42a4-45c0-9174-049c62972852,GET_SZONE_VOUCHERS_PAGINATED,,GET,/v1/vouchers/szone,voucher-service,false,2026-03-24T09:34:28.383Z,2026-03-24T09:34:28.383Z
1d882e17-bf0f-4088-adb1-56fd318dce99,CREATE_SHOP_VOUCHER,,POST,/v1/vouchers/,voucher-service,false,2026-03-24T09:34:28.383Z,2026-03-24T09:34:28.383Z
61681a51-a178-4f41-81a8-4429c56d558d,SOFT_DELETE_SHOP_VOUCHER,,DELETE,/v1/vouchers/:id,voucher-service,false,2026-03-24T09:34:28.383Z,2026-03-24T09:34:28.383Z
30eae9fc-a9d4-4124-b2cc-53be8498bcd0,GET_VOUCHER_DETAIL,,GET,/v1/vouchers/:id,voucher-service,true,2026-03-24T09:34:28.383Z,2026-03-24T09:34:28.383Z
f79631ac-9786-4a4e-a10a-8af0c8e6c6f8,UPDATE_SHOP_VOUCHER,,PUT,/v1/vouchers/:id,voucher-service,false,2026-03-24T09:34:28.383Z,2026-03-24T09:34:28.383Z
6b58f3c7-32ea-4f08-aba3-7a95d89fa607,GET_ELIGIBLE_SHOP_VOUCHERS,,POST,/v1/vouchers/shops/:shopId/eligible,voucher-service,false,2026-03-24T09:34:28.383Z,2026-03-24T09:34:28.383Z
aa2ea385-5f0d-4e9b-9d11-d4fff834c2de,GET_ELIGIBLE_SZONE_VOUCHERS,,POST,/v1/vouchers/platform-vouchers/eligible,voucher-service,false,2026-03-24T09:34:28.383Z,2026-03-24T09:34:28.383Z