A,B
9c4fe8d0-d791-4e6f-b3d9-f53fa777e31a,ed299a58-ba9f-451d-9b24-23573ed9f380
db161b34-065b-4f94-992c-9a3d0561252d,ed299a58-ba9f-451d-9b24-23573ed9f380
307f855b-dda7-4f5e-adea-bdb568445d59,ed299a58-ba9f-451d-9b24-23573ed9f380
dae7bb49-374d-457b-ae94-91172a63672d,ed299a58-ba9f-451d-9b24-23573ed9f380
dceac3de-2d9a-4dbd-a6dc-bfa7647a7321,ed299a58-ba9f-451d-9b24-23573ed9f380
20e5123f-f389-42e1-9d87-5b0a46d9225b,ed299a58-ba9f-451d-9b24-23573ed9f380
b65c0085-23ba-44a0-8b5a-ae82f3991fb3,ed299a58-ba9f-451d-9b24-23573ed9f380
80833a3f-8059-4619-a4cd-946d3eafa6a6,ed299a58-ba9f-451d-9b24-23573ed9f380
ef89951b-777a-42d6-bc6e-b9a8ba4477d1,ed299a58-ba9f-451d-9b24-23573ed9f380
8033d7ee-cd3a-45e7-ad38-3da667be9f69,ed299a58-ba9f-451d-9b24-23573ed9f380
2316ca9c-6213-4a35-afe1-33fe36d29b68,ed299a58-ba9f-451d-9b24-23573ed9f380
0d46b230-b85b-4664-b4ae-d06a90397e03,ed299a58-ba9f-451d-9b24-23573ed9f380
ab639ef1-7bb8-44e0-9b9c-31998539e3ed,ed299a58-ba9f-451d-9b24-23573ed9f380
d51cf1c0-d85d-4855-aaa3-b7bca5b96c0b,ed299a58-ba9f-451d-9b24-23573ed9f380
dc43eb9b-9e42-456b-98f4-92247d7cd496,ed299a58-ba9f-451d-9b24-23573ed9f380
95c0c988-6ab2-4f49-b6a1-5810d43dd207,ed299a58-ba9f-451d-9b24-23573ed9f380
3a8363dd-1805-4c1a-b105-43a483ecf785,ed299a58-ba9f-451d-9b24-23573ed9f380
f04e6042-c2d4-4b88-8e20-7b9788a0a024,ed299a58-ba9f-451d-9b24-23573ed9f380
cbaa15c4-1bfd-4660-bb30-a4c94e970738,ed299a58-ba9f-451d-9b24-23573ed9f380
055910cc-316c-4fc7-9aa9-24354f05a6b5,ed299a58-ba9f-451d-9b24-23573ed9f380
fcab54b5-0556-4b6b-8288-ee3ea7891a4c,ed299a58-ba9f-451d-9b24-23573ed9f380
3f258503-bde9-47c7-898e-19ecbde8b1b9,ed299a58-ba9f-451d-9b24-23573ed9f380
6cb2fee8-9572-4d9a-a667-35adc5598415,ed299a58-ba9f-451d-9b24-23573ed9f380
74abac33-6328-47bb-bccb-486ce030edd3,ed299a58-ba9f-451d-9b24-23573ed9f380
8d65512b-cdaa-424f-b941-be8e3486f39f,ed299a58-ba9f-451d-9b24-23573ed9f380
63c7eccf-c82c-47e2-a17d-205288c9307b,ed299a58-ba9f-451d-9b24-23573ed9f380
a477fcb1-4890-4ae9-bdfe-a9377dd49fac,ed299a58-ba9f-451d-9b24-23573ed9f380
d729eeac-4fe1-4fd2-9810-5b2ab590e72c,ed299a58-ba9f-451d-9b24-23573ed9f380
868205d0-5337-4656-9125-28cb83bf955e,ed299a58-ba9f-451d-9b24-23573ed9f380
f885421c-5ab5-4e55-9aee-26dfa2099e8c,ed299a58-ba9f-451d-9b24-23573ed9f380
123c677b-c489-4b19-af34-f2e360ac36cc,ed299a58-ba9f-451d-9b24-23573ed9f380
6a0cb4a8-80fb-49e8-becc-46ad01f7f84f,ed299a58-ba9f-451d-9b24-23573ed9f380
7424cabd-390a-4698-b3f9-6116157beb8e,ed299a58-ba9f-451d-9b24-23573ed9f380
63f1ba1b-2647-43a6-8100-f8376dba5cc8,ed299a58-ba9f-451d-9b24-23573ed9f380
4fcceb5f-9bfc-44ad-ba8f-cfc0bd057206,ed299a58-ba9f-451d-9b24-23573ed9f380
b1b4dfd7-f2b0-4775-883d-f071c8f1c896,ed299a58-ba9f-451d-9b24-23573ed9f380
6a23a5e8-c97d-4727-9c0f-bfbe01b79871,ed299a58-ba9f-451d-9b24-23573ed9f380
848e7f4c-432b-457a-9ccc-ca490a98d123,ed299a58-ba9f-451d-9b24-23573ed9f380
c0f88539-f6a5-458b-b8d3-0d0fe63be998,ed299a58-ba9f-451d-9b24-23573ed9f380
2f9bb1c4-4739-43fa-b116-748403c60196,ed299a58-ba9f-451d-9b24-23573ed9f380
677e1174-95f1-485a-9817-ce835e18a2fd,ed299a58-ba9f-451d-9b24-23573ed9f380
7a515af2-a791-4122-8f96-d87fb36212de,ed299a58-ba9f-451d-9b24-23573ed9f380
0ca81ac5-e294-4c57-a955-102af28ad4af,ed299a58-ba9f-451d-9b24-23573ed9f380
3ee12e38-c3eb-43be-811f-b6edc1a61a87,ed299a58-ba9f-451d-9b24-23573ed9f380
8ae90b2c-92aa-49c2-863d-d5a2e99163b9,ed299a58-ba9f-451d-9b24-23573ed9f380
af9ca778-2ea6-473e-8e16-7e932e83a3ab,ed299a58-ba9f-451d-9b24-23573ed9f380
e4710bb6-40cd-416e-acfc-e826b2d7edf8,ed299a58-ba9f-451d-9b24-23573ed9f380
bde4f46a-6029-4ab2-91c0-78283da09f01,ed299a58-ba9f-451d-9b24-23573ed9f380
632a5ab4-e1d2-4ac8-852d-ee3d62062be1,ed299a58-ba9f-451d-9b24-23573ed9f380
9a81ac6c-4379-4e28-91aa-b66cea515ff6,ed299a58-ba9f-451d-9b24-23573ed9f380
a533cfbb-3107-4a32-918e-8a191c3a88e0,ed299a58-ba9f-451d-9b24-23573ed9f380
31befde6-ba92-44b6-a67a-6e59497892df,ed299a58-ba9f-451d-9b24-23573ed9f380
c71dbaaa-668d-4640-a170-a0fd4f93d749,ed299a58-ba9f-451d-9b24-23573ed9f380
18fe0435-c901-47be-aaa2-110686f01050,ed299a58-ba9f-451d-9b24-23573ed9f380
f7aa69c8-7206-4d21-a0d0-e6e1e7c66865,ed299a58-ba9f-451d-9b24-23573ed9f380
9493220a-4f30-4ff2-adaa-95dd4514da22,ed299a58-ba9f-451d-9b24-23573ed9f380
3364eb30-2ca7-4016-847a-49834a37cfdc,ed299a58-ba9f-451d-9b24-23573ed9f380
26c70bd9-31d0-4b1f-9911-07bf782bcc4a,ed299a58-ba9f-451d-9b24-23573ed9f380
a16cb147-38ee-4e98-836d-13d6bb09c255,ed299a58-ba9f-451d-9b24-23573ed9f380
a00fed37-190d-4f1b-9b73-9d18044d0aeb,ed299a58-ba9f-451d-9b24-23573ed9f380
02eb21b9-9e93-4c33-8316-638e7da771e0,ed299a58-ba9f-451d-9b24-23573ed9f380
3bf4d1f2-c329-4708-8cdd-faef4a0c1d7b,ed299a58-ba9f-451d-9b24-23573ed9f380
da527266-43b8-42c9-9601-3e2f4b945d14,ed299a58-ba9f-451d-9b24-23573ed9f380
7cd6f60a-4da2-4969-8739-04d115d1e7c6,ed299a58-ba9f-451d-9b24-23573ed9f380
e6afb708-bd9c-4ec2-84d2-8af59f66ed94,ed299a58-ba9f-451d-9b24-23573ed9f380
20f1347f-cc75-4dbe-9983-57f4501fcc17,ed299a58-ba9f-451d-9b24-23573ed9f380
12ba87f8-83c3-452c-9ff7-ba7410f5d5e4,ed299a58-ba9f-451d-9b24-23573ed9f380
bd1bbaca-96a8-40ac-8dfc-9dedd1ec64d8,ed299a58-ba9f-451d-9b24-23573ed9f380
bbb1b9ee-408f-4eb0-95c9-9145141515b2,ed299a58-ba9f-451d-9b24-23573ed9f380
52c23a6b-a301-44ce-8909-f0f717439dc9,ed299a58-ba9f-451d-9b24-23573ed9f380
6b0aa37e-f158-404d-8c76-1d2b37fbfb5a,ed299a58-ba9f-451d-9b24-23573ed9f380
672cfdbd-8330-42bb-979d-506c7721a148,ed299a58-ba9f-451d-9b24-23573ed9f380
59ac1e62-cdd1-4a28-bbc9-8c8edda6ed66,ed299a58-ba9f-451d-9b24-23573ed9f380
6b887477-f6a6-461f-a465-b1426f9ee6c6,ed299a58-ba9f-451d-9b24-23573ed9f380
1595f099-8b37-4eb7-8f85-fbc8b5f9b9a0,ed299a58-ba9f-451d-9b24-23573ed9f380
7c7f8258-2a5a-4e26-b3ff-5e34432b5513,ed299a58-ba9f-451d-9b24-23573ed9f380
0143eecc-c038-4806-ba09-040d20077c80,ed299a58-ba9f-451d-9b24-23573ed9f380
f972f59d-4bac-4584-97b1-cf1f08f1a5d5,ed299a58-ba9f-451d-9b24-23573ed9f380
15507f4e-16ed-44cd-bdcd-afb6c0fc9bf7,ed299a58-ba9f-451d-9b24-23573ed9f380
296e00e7-f25d-4245-84b4-fc2e49e19fc5,ed299a58-ba9f-451d-9b24-23573ed9f380
9119f5d9-8262-49fb-b6f7-a8fdab237f1f,ed299a58-ba9f-451d-9b24-23573ed9f380
36c801ca-bdee-4594-b134-2e63cc542bdc,ed299a58-ba9f-451d-9b24-23573ed9f380
f174e6bd-64f1-40da-ac90-961a404b8b76,ed299a58-ba9f-451d-9b24-23573ed9f380
cba067d7-689c-4709-9d01-74d874aef8a2,ed299a58-ba9f-451d-9b24-23573ed9f380
405e91d8-aedb-4d74-8ef0-0bbced84da8a,ed299a58-ba9f-451d-9b24-23573ed9f380
a0e07bb1-792f-4d04-a99c-9ea4a89c8eec,ed299a58-ba9f-451d-9b24-23573ed9f380
66a961bb-b4ca-415d-80cc-b21c0d7732f2,ed299a58-ba9f-451d-9b24-23573ed9f380
a6feee4a-80d4-476e-a9ce-37f5de8eb1fb,ed299a58-ba9f-451d-9b24-23573ed9f380
f30d3a9d-93dc-46b5-a451-24089eea1689,ed299a58-ba9f-451d-9b24-23573ed9f380
facf3582-fb75-4d3b-a3ac-ca92f45a4404,ed299a58-ba9f-451d-9b24-23573ed9f380
6e68dc87-157b-4727-bce8-eb803d4e47f6,ed299a58-ba9f-451d-9b24-23573ed9f380
2d4eaf77-1ba7-4c51-b474-8c8256713234,ed299a58-ba9f-451d-9b24-23573ed9f380
8984c003-6b0a-4d5c-98c1-78b18e36070b,ed299a58-ba9f-451d-9b24-23573ed9f380
62b87042-3b7a-46de-b8ca-3f9259c013f4,ed299a58-ba9f-451d-9b24-23573ed9f380
10fc13c4-15f7-4fca-bc21-6b7fc4c0f8ee,ed299a58-ba9f-451d-9b24-23573ed9f380
8f4727e4-aa88-4322-a47b-bc5e3224ec60,ed299a58-ba9f-451d-9b24-23573ed9f380
41351a1c-592a-442f-ba3a-600372353be0,ed299a58-ba9f-451d-9b24-23573ed9f380
b18c8771-9f9a-412e-9f80-d2797c0dc9c1,ed299a58-ba9f-451d-9b24-23573ed9f380
a36201cb-3de6-4f7c-b01f-df29f08ce427,ed299a58-ba9f-451d-9b24-23573ed9f380
2e502b41-6881-4847-8ce4-f0869826aab9,ed299a58-ba9f-451d-9b24-23573ed9f380
94e1ee6b-78e0-4dbc-a577-6005038fe1bc,ed299a58-ba9f-451d-9b24-23573ed9f380
ea60bf75-42a4-45c0-9174-049c62972852,ed299a58-ba9f-451d-9b24-23573ed9f380
1d882e17-bf0f-4088-adb1-56fd318dce99,ed299a58-ba9f-451d-9b24-23573ed9f380
61681a51-a178-4f41-81a8-4429c56d558d,ed299a58-ba9f-451d-9b24-23573ed9f380
30eae9fc-a9d4-4124-b2cc-53be8498bcd0,ed299a58-ba9f-451d-9b24-23573ed9f380
f79631ac-9786-4a4e-a10a-8af0c8e6c6f8,ed299a58-ba9f-451d-9b24-23573ed9f380
6b58f3c7-32ea-4f08-aba3-7a95d89fa607,ed299a58-ba9f-451d-9b24-23573ed9f380
aa2ea385-5f0d-4e9b-9d11-d4fff834c2de,ed299a58-ba9f-451d-9b24-23573ed9f380
9c4fe8d0-d791-4e6f-b3d9-f53fa777e31a,902c94c2-e1ac-4bfe-ab40-d0d725141241
db161b34-065b-4f94-992c-9a3d0561252d,902c94c2-e1ac-4bfe-ab40-d0d725141241
307f855b-dda7-4f5e-adea-bdb568445d59,902c94c2-e1ac-4bfe-ab40-d0d725141241
dae7bb49-374d-457b-ae94-91172a63672d,902c94c2-e1ac-4bfe-ab40-d0d725141241
dceac3de-2d9a-4dbd-a6dc-bfa7647a7321,902c94c2-e1ac-4bfe-ab40-d0d725141241
20e5123f-f389-42e1-9d87-5b0a46d9225b,902c94c2-e1ac-4bfe-ab40-d0d725141241
b65c0085-23ba-44a0-8b5a-ae82f3991fb3,902c94c2-e1ac-4bfe-ab40-d0d725141241
80833a3f-8059-4619-a4cd-946d3eafa6a6,902c94c2-e1ac-4bfe-ab40-d0d725141241
ef89951b-777a-42d6-bc6e-b9a8ba4477d1,902c94c2-e1ac-4bfe-ab40-d0d725141241
8033d7ee-cd3a-45e7-ad38-3da667be9f69,902c94c2-e1ac-4bfe-ab40-d0d725141241
2316ca9c-6213-4a35-afe1-33fe36d29b68,902c94c2-e1ac-4bfe-ab40-d0d725141241
0d46b230-b85b-4664-b4ae-d06a90397e03,902c94c2-e1ac-4bfe-ab40-d0d725141241
ab639ef1-7bb8-44e0-9b9c-31998539e3ed,902c94c2-e1ac-4bfe-ab40-d0d725141241
d51cf1c0-d85d-4855-aaa3-b7bca5b96c0b,902c94c2-e1ac-4bfe-ab40-d0d725141241
dc43eb9b-9e42-456b-98f4-92247d7cd496,902c94c2-e1ac-4bfe-ab40-d0d725141241
95c0c988-6ab2-4f49-b6a1-5810d43dd207,902c94c2-e1ac-4bfe-ab40-d0d725141241
3a8363dd-1805-4c1a-b105-43a483ecf785,902c94c2-e1ac-4bfe-ab40-d0d725141241
f04e6042-c2d4-4b88-8e20-7b9788a0a024,902c94c2-e1ac-4bfe-ab40-d0d725141241
cbaa15c4-1bfd-4660-bb30-a4c94e970738,902c94c2-e1ac-4bfe-ab40-d0d725141241
055910cc-316c-4fc7-9aa9-24354f05a6b5,902c94c2-e1ac-4bfe-ab40-d0d725141241
fcab54b5-0556-4b6b-8288-ee3ea7891a4c,902c94c2-e1ac-4bfe-ab40-d0d725141241
3f258503-bde9-47c7-898e-19ecbde8b1b9,902c94c2-e1ac-4bfe-ab40-d0d725141241
6cb2fee8-9572-4d9a-a667-35adc5598415,902c94c2-e1ac-4bfe-ab40-d0d725141241
74abac33-6328-47bb-bccb-486ce030edd3,902c94c2-e1ac-4bfe-ab40-d0d725141241
8d65512b-cdaa-424f-b941-be8e3486f39f,902c94c2-e1ac-4bfe-ab40-d0d725141241
63c7eccf-c82c-47e2-a17d-205288c9307b,902c94c2-e1ac-4bfe-ab40-d0d725141241
a477fcb1-4890-4ae9-bdfe-a9377dd49fac,902c94c2-e1ac-4bfe-ab40-d0d725141241
d729eeac-4fe1-4fd2-9810-5b2ab590e72c,902c94c2-e1ac-4bfe-ab40-d0d725141241
868205d0-5337-4656-9125-28cb83bf955e,902c94c2-e1ac-4bfe-ab40-d0d725141241
f885421c-5ab5-4e55-9aee-26dfa2099e8c,902c94c2-e1ac-4bfe-ab40-d0d725141241
123c677b-c489-4b19-af34-f2e360ac36cc,902c94c2-e1ac-4bfe-ab40-d0d725141241
6a0cb4a8-80fb-49e8-becc-46ad01f7f84f,902c94c2-e1ac-4bfe-ab40-d0d725141241
7424cabd-390a-4698-b3f9-6116157beb8e,902c94c2-e1ac-4bfe-ab40-d0d725141241
63f1ba1b-2647-43a6-8100-f8376dba5cc8,902c94c2-e1ac-4bfe-ab40-d0d725141241
4fcceb5f-9bfc-44ad-ba8f-cfc0bd057206,902c94c2-e1ac-4bfe-ab40-d0d725141241
b1b4dfd7-f2b0-4775-883d-f071c8f1c896,902c94c2-e1ac-4bfe-ab40-d0d725141241
6a23a5e8-c97d-4727-9c0f-bfbe01b79871,902c94c2-e1ac-4bfe-ab40-d0d725141241
848e7f4c-432b-457a-9ccc-ca490a98d123,902c94c2-e1ac-4bfe-ab40-d0d725141241
c0f88539-f6a5-458b-b8d3-0d0fe63be998,902c94c2-e1ac-4bfe-ab40-d0d725141241
2f9bb1c4-4739-43fa-b116-748403c60196,902c94c2-e1ac-4bfe-ab40-d0d725141241
677e1174-95f1-485a-9817-ce835e18a2fd,902c94c2-e1ac-4bfe-ab40-d0d725141241
7a515af2-a791-4122-8f96-d87fb36212de,902c94c2-e1ac-4bfe-ab40-d0d725141241
0ca81ac5-e294-4c57-a955-102af28ad4af,902c94c2-e1ac-4bfe-ab40-d0d725141241
3ee12e38-c3eb-43be-811f-b6edc1a61a87,902c94c2-e1ac-4bfe-ab40-d0d725141241
8ae90b2c-92aa-49c2-863d-d5a2e99163b9,902c94c2-e1ac-4bfe-ab40-d0d725141241
af9ca778-2ea6-473e-8e16-7e932e83a3ab,902c94c2-e1ac-4bfe-ab40-d0d725141241
e4710bb6-40cd-416e-acfc-e826b2d7edf8,902c94c2-e1ac-4bfe-ab40-d0d725141241
bde4f46a-6029-4ab2-91c0-78283da09f01,902c94c2-e1ac-4bfe-ab40-d0d725141241
632a5ab4-e1d2-4ac8-852d-ee3d62062be1,902c94c2-e1ac-4bfe-ab40-d0d725141241
9a81ac6c-4379-4e28-91aa-b66cea515ff6,902c94c2-e1ac-4bfe-ab40-d0d725141241
a533cfbb-3107-4a32-918e-8a191c3a88e0,902c94c2-e1ac-4bfe-ab40-d0d725141241
31befde6-ba92-44b6-a67a-6e59497892df,902c94c2-e1ac-4bfe-ab40-d0d725141241
c71dbaaa-668d-4640-a170-a0fd4f93d749,902c94c2-e1ac-4bfe-ab40-d0d725141241
18fe0435-c901-47be-aaa2-110686f01050,902c94c2-e1ac-4bfe-ab40-d0d725141241
f7aa69c8-7206-4d21-a0d0-e6e1e7c66865,902c94c2-e1ac-4bfe-ab40-d0d725141241
9493220a-4f30-4ff2-adaa-95dd4514da22,902c94c2-e1ac-4bfe-ab40-d0d725141241
3364eb30-2ca7-4016-847a-49834a37cfdc,902c94c2-e1ac-4bfe-ab40-d0d725141241
26c70bd9-31d0-4b1f-9911-07bf782bcc4a,902c94c2-e1ac-4bfe-ab40-d0d725141241
a16cb147-38ee-4e98-836d-13d6bb09c255,902c94c2-e1ac-4bfe-ab40-d0d725141241
a00fed37-190d-4f1b-9b73-9d18044d0aeb,902c94c2-e1ac-4bfe-ab40-d0d725141241
02eb21b9-9e93-4c33-8316-638e7da771e0,902c94c2-e1ac-4bfe-ab40-d0d725141241
3bf4d1f2-c329-4708-8cdd-faef4a0c1d7b,902c94c2-e1ac-4bfe-ab40-d0d725141241
da527266-43b8-42c9-9601-3e2f4b945d14,902c94c2-e1ac-4bfe-ab40-d0d725141241
7cd6f60a-4da2-4969-8739-04d115d1e7c6,902c94c2-e1ac-4bfe-ab40-d0d725141241
e6afb708-bd9c-4ec2-84d2-8af59f66ed94,902c94c2-e1ac-4bfe-ab40-d0d725141241
20f1347f-cc75-4dbe-9983-57f4501fcc17,902c94c2-e1ac-4bfe-ab40-d0d725141241
12ba87f8-83c3-452c-9ff7-ba7410f5d5e4,902c94c2-e1ac-4bfe-ab40-d0d725141241
bd1bbaca-96a8-40ac-8dfc-9dedd1ec64d8,902c94c2-e1ac-4bfe-ab40-d0d725141241
bbb1b9ee-408f-4eb0-95c9-9145141515b2,902c94c2-e1ac-4bfe-ab40-d0d725141241
52c23a6b-a301-44ce-8909-f0f717439dc9,902c94c2-e1ac-4bfe-ab40-d0d725141241
6b0aa37e-f158-404d-8c76-1d2b37fbfb5a,902c94c2-e1ac-4bfe-ab40-d0d725141241
672cfdbd-8330-42bb-979d-506c7721a148,902c94c2-e1ac-4bfe-ab40-d0d725141241
59ac1e62-cdd1-4a28-bbc9-8c8edda6ed66,902c94c2-e1ac-4bfe-ab40-d0d725141241
6b887477-f6a6-461f-a465-b1426f9ee6c6,902c94c2-e1ac-4bfe-ab40-d0d725141241
1595f099-8b37-4eb7-8f85-fbc8b5f9b9a0,902c94c2-e1ac-4bfe-ab40-d0d725141241
7c7f8258-2a5a-4e26-b3ff-5e34432b5513,902c94c2-e1ac-4bfe-ab40-d0d725141241
0143eecc-c038-4806-ba09-040d20077c80,902c94c2-e1ac-4bfe-ab40-d0d725141241
f972f59d-4bac-4584-97b1-cf1f08f1a5d5,902c94c2-e1ac-4bfe-ab40-d0d725141241
15507f4e-16ed-44cd-bdcd-afb6c0fc9bf7,902c94c2-e1ac-4bfe-ab40-d0d725141241
296e00e7-f25d-4245-84b4-fc2e49e19fc5,902c94c2-e1ac-4bfe-ab40-d0d725141241
9119f5d9-8262-49fb-b6f7-a8fdab237f1f,902c94c2-e1ac-4bfe-ab40-d0d725141241
36c801ca-bdee-4594-b134-2e63cc542bdc,902c94c2-e1ac-4bfe-ab40-d0d725141241
f174e6bd-64f1-40da-ac90-961a404b8b76,902c94c2-e1ac-4bfe-ab40-d0d725141241
cba067d7-689c-4709-9d01-74d874aef8a2,902c94c2-e1ac-4bfe-ab40-d0d725141241
405e91d8-aedb-4d74-8ef0-0bbced84da8a,902c94c2-e1ac-4bfe-ab40-d0d725141241
a0e07bb1-792f-4d04-a99c-9ea4a89c8eec,902c94c2-e1ac-4bfe-ab40-d0d725141241
66a961bb-b4ca-415d-80cc-b21c0d7732f2,902c94c2-e1ac-4bfe-ab40-d0d725141241
a6feee4a-80d4-476e-a9ce-37f5de8eb1fb,902c94c2-e1ac-4bfe-ab40-d0d725141241
f30d3a9d-93dc-46b5-a451-24089eea1689,902c94c2-e1ac-4bfe-ab40-d0d725141241
facf3582-fb75-4d3b-a3ac-ca92f45a4404,902c94c2-e1ac-4bfe-ab40-d0d725141241
6e68dc87-157b-4727-bce8-eb803d4e47f6,902c94c2-e1ac-4bfe-ab40-d0d725141241
2d4eaf77-1ba7-4c51-b474-8c8256713234,902c94c2-e1ac-4bfe-ab40-d0d725141241
8984c003-6b0a-4d5c-98c1-78b18e36070b,902c94c2-e1ac-4bfe-ab40-d0d725141241
62b87042-3b7a-46de-b8ca-3f9259c013f4,902c94c2-e1ac-4bfe-ab40-d0d725141241
10fc13c4-15f7-4fca-bc21-6b7fc4c0f8ee,902c94c2-e1ac-4bfe-ab40-d0d725141241
8f4727e4-aa88-4322-a47b-bc5e3224ec60,902c94c2-e1ac-4bfe-ab40-d0d725141241
41351a1c-592a-442f-ba3a-600372353be0,902c94c2-e1ac-4bfe-ab40-d0d725141241
b18c8771-9f9a-412e-9f80-d2797c0dc9c1,902c94c2-e1ac-4bfe-ab40-d0d725141241
a36201cb-3de6-4f7c-b01f-df29f08ce427,902c94c2-e1ac-4bfe-ab40-d0d725141241
2e502b41-6881-4847-8ce4-f0869826aab9,902c94c2-e1ac-4bfe-ab40-d0d725141241
94e1ee6b-78e0-4dbc-a577-6005038fe1bc,902c94c2-e1ac-4bfe-ab40-d0d725141241
ea60bf75-42a4-45c0-9174-049c62972852,902c94c2-e1ac-4bfe-ab40-d0d725141241
1d882e17-bf0f-4088-adb1-56fd318dce99,902c94c2-e1ac-4bfe-ab40-d0d725141241
61681a51-a178-4f41-81a8-4429c56d558d,902c94c2-e1ac-4bfe-ab40-d0d725141241
30eae9fc-a9d4-4124-b2cc-53be8498bcd0,902c94c2-e1ac-4bfe-ab40-d0d725141241
f79631ac-9786-4a4e-a10a-8af0c8e6c6f8,902c94c2-e1ac-4bfe-ab40-d0d725141241
6b58f3c7-32ea-4f08-aba3-7a95d89fa607,902c94c2-e1ac-4bfe-ab40-d0d725141241
aa2ea385-5f0d-4e9b-9d11-d4fff834c2de,902c94c2-e1ac-4bfe-ab40-d0d725141241
9c4fe8d0-d791-4e6f-b3d9-f53fa777e31a,30ea1d43-04be-4843-826c-6210679ff084
db161b34-065b-4f94-992c-9a3d0561252d,30ea1d43-04be-4843-826c-6210679ff084
307f855b-dda7-4f5e-adea-bdb568445d59,30ea1d43-04be-4843-826c-6210679ff084
dae7bb49-374d-457b-ae94-91172a63672d,30ea1d43-04be-4843-826c-6210679ff084
dceac3de-2d9a-4dbd-a6dc-bfa7647a7321,30ea1d43-04be-4843-826c-6210679ff084
20e5123f-f389-42e1-9d87-5b0a46d9225b,30ea1d43-04be-4843-826c-6210679ff084
b65c0085-23ba-44a0-8b5a-ae82f3991fb3,30ea1d43-04be-4843-826c-6210679ff084
80833a3f-8059-4619-a4cd-946d3eafa6a6,30ea1d43-04be-4843-826c-6210679ff084
ef89951b-777a-42d6-bc6e-b9a8ba4477d1,30ea1d43-04be-4843-826c-6210679ff084
8033d7ee-cd3a-45e7-ad38-3da667be9f69,30ea1d43-04be-4843-826c-6210679ff084
2316ca9c-6213-4a35-afe1-33fe36d29b68,30ea1d43-04be-4843-826c-6210679ff084
0d46b230-b85b-4664-b4ae-d06a90397e03,30ea1d43-04be-4843-826c-6210679ff084
ab639ef1-7bb8-44e0-9b9c-31998539e3ed,30ea1d43-04be-4843-826c-6210679ff084
d51cf1c0-d85d-4855-aaa3-b7bca5b96c0b,30ea1d43-04be-4843-826c-6210679ff084
dc43eb9b-9e42-456b-98f4-92247d7cd496,30ea1d43-04be-4843-826c-6210679ff084
95c0c988-6ab2-4f49-b6a1-5810d43dd207,30ea1d43-04be-4843-826c-6210679ff084
3a8363dd-1805-4c1a-b105-43a483ecf785,30ea1d43-04be-4843-826c-6210679ff084
f04e6042-c2d4-4b88-8e20-7b9788a0a024,30ea1d43-04be-4843-826c-6210679ff084
cbaa15c4-1bfd-4660-bb30-a4c94e970738,30ea1d43-04be-4843-826c-6210679ff084
055910cc-316c-4fc7-9aa9-24354f05a6b5,30ea1d43-04be-4843-826c-6210679ff084
fcab54b5-0556-4b6b-8288-ee3ea7891a4c,30ea1d43-04be-4843-826c-6210679ff084
3f258503-bde9-47c7-898e-19ecbde8b1b9,30ea1d43-04be-4843-826c-6210679ff084
6cb2fee8-9572-4d9a-a667-35adc5598415,30ea1d43-04be-4843-826c-6210679ff084
74abac33-6328-47bb-bccb-486ce030edd3,30ea1d43-04be-4843-826c-6210679ff084
8d65512b-cdaa-424f-b941-be8e3486f39f,30ea1d43-04be-4843-826c-6210679ff084
63c7eccf-c82c-47e2-a17d-205288c9307b,30ea1d43-04be-4843-826c-6210679ff084
a477fcb1-4890-4ae9-bdfe-a9377dd49fac,30ea1d43-04be-4843-826c-6210679ff084
d729eeac-4fe1-4fd2-9810-5b2ab590e72c,30ea1d43-04be-4843-826c-6210679ff084
868205d0-5337-4656-9125-28cb83bf955e,30ea1d43-04be-4843-826c-6210679ff084
f885421c-5ab5-4e55-9aee-26dfa2099e8c,30ea1d43-04be-4843-826c-6210679ff084
123c677b-c489-4b19-af34-f2e360ac36cc,30ea1d43-04be-4843-826c-6210679ff084
6a0cb4a8-80fb-49e8-becc-46ad01f7f84f,30ea1d43-04be-4843-826c-6210679ff084
7424cabd-390a-4698-b3f9-6116157beb8e,30ea1d43-04be-4843-826c-6210679ff084
63f1ba1b-2647-43a6-8100-f8376dba5cc8,30ea1d43-04be-4843-826c-6210679ff084
4fcceb5f-9bfc-44ad-ba8f-cfc0bd057206,30ea1d43-04be-4843-826c-6210679ff084
b1b4dfd7-f2b0-4775-883d-f071c8f1c896,30ea1d43-04be-4843-826c-6210679ff084
6a23a5e8-c97d-4727-9c0f-bfbe01b79871,30ea1d43-04be-4843-826c-6210679ff084
848e7f4c-432b-457a-9ccc-ca490a98d123,30ea1d43-04be-4843-826c-6210679ff084
c0f88539-f6a5-458b-b8d3-0d0fe63be998,30ea1d43-04be-4843-826c-6210679ff084
2f9bb1c4-4739-43fa-b116-748403c60196,30ea1d43-04be-4843-826c-6210679ff084
677e1174-95f1-485a-9817-ce835e18a2fd,30ea1d43-04be-4843-826c-6210679ff084
7a515af2-a791-4122-8f96-d87fb36212de,30ea1d43-04be-4843-826c-6210679ff084
0ca81ac5-e294-4c57-a955-102af28ad4af,30ea1d43-04be-4843-826c-6210679ff084
3ee12e38-c3eb-43be-811f-b6edc1a61a87,30ea1d43-04be-4843-826c-6210679ff084
8ae90b2c-92aa-49c2-863d-d5a2e99163b9,30ea1d43-04be-4843-826c-6210679ff084
af9ca778-2ea6-473e-8e16-7e932e83a3ab,30ea1d43-04be-4843-826c-6210679ff084
e4710bb6-40cd-416e-acfc-e826b2d7edf8,30ea1d43-04be-4843-826c-6210679ff084
bde4f46a-6029-4ab2-91c0-78283da09f01,30ea1d43-04be-4843-826c-6210679ff084
632a5ab4-e1d2-4ac8-852d-ee3d62062be1,30ea1d43-04be-4843-826c-6210679ff084
9a81ac6c-4379-4e28-91aa-b66cea515ff6,30ea1d43-04be-4843-826c-6210679ff084
a533cfbb-3107-4a32-918e-8a191c3a88e0,30ea1d43-04be-4843-826c-6210679ff084
31befde6-ba92-44b6-a67a-6e59497892df,30ea1d43-04be-4843-826c-6210679ff084
c71dbaaa-668d-4640-a170-a0fd4f93d749,30ea1d43-04be-4843-826c-6210679ff084
18fe0435-c901-47be-aaa2-110686f01050,30ea1d43-04be-4843-826c-6210679ff084
f7aa69c8-7206-4d21-a0d0-e6e1e7c66865,30ea1d43-04be-4843-826c-6210679ff084
9493220a-4f30-4ff2-adaa-95dd4514da22,30ea1d43-04be-4843-826c-6210679ff084
3364eb30-2ca7-4016-847a-49834a37cfdc,30ea1d43-04be-4843-826c-6210679ff084
26c70bd9-31d0-4b1f-9911-07bf782bcc4a,30ea1d43-04be-4843-826c-6210679ff084
a16cb147-38ee-4e98-836d-13d6bb09c255,30ea1d43-04be-4843-826c-6210679ff084
a00fed37-190d-4f1b-9b73-9d18044d0aeb,30ea1d43-04be-4843-826c-6210679ff084
02eb21b9-9e93-4c33-8316-638e7da771e0,30ea1d43-04be-4843-826c-6210679ff084
3bf4d1f2-c329-4708-8cdd-faef4a0c1d7b,30ea1d43-04be-4843-826c-6210679ff084
da527266-43b8-42c9-9601-3e2f4b945d14,30ea1d43-04be-4843-826c-6210679ff084
7cd6f60a-4da2-4969-8739-04d115d1e7c6,30ea1d43-04be-4843-826c-6210679ff084
e6afb708-bd9c-4ec2-84d2-8af59f66ed94,30ea1d43-04be-4843-826c-6210679ff084
20f1347f-cc75-4dbe-9983-57f4501fcc17,30ea1d43-04be-4843-826c-6210679ff084
12ba87f8-83c3-452c-9ff7-ba7410f5d5e4,30ea1d43-04be-4843-826c-6210679ff084
bd1bbaca-96a8-40ac-8dfc-9dedd1ec64d8,30ea1d43-04be-4843-826c-6210679ff084
bbb1b9ee-408f-4eb0-95c9-9145141515b2,30ea1d43-04be-4843-826c-6210679ff084
52c23a6b-a301-44ce-8909-f0f717439dc9,30ea1d43-04be-4843-826c-6210679ff084
6b0aa37e-f158-404d-8c76-1d2b37fbfb5a,30ea1d43-04be-4843-826c-6210679ff084
672cfdbd-8330-42bb-979d-506c7721a148,30ea1d43-04be-4843-826c-6210679ff084
59ac1e62-cdd1-4a28-bbc9-8c8edda6ed66,30ea1d43-04be-4843-826c-6210679ff084
6b887477-f6a6-461f-a465-b1426f9ee6c6,30ea1d43-04be-4843-826c-6210679ff084
1595f099-8b37-4eb7-8f85-fbc8b5f9b9a0,30ea1d43-04be-4843-826c-6210679ff084
7c7f8258-2a5a-4e26-b3ff-5e34432b5513,30ea1d43-04be-4843-826c-6210679ff084
0143eecc-c038-4806-ba09-040d20077c80,30ea1d43-04be-4843-826c-6210679ff084
f972f59d-4bac-4584-97b1-cf1f08f1a5d5,30ea1d43-04be-4843-826c-6210679ff084
15507f4e-16ed-44cd-bdcd-afb6c0fc9bf7,30ea1d43-04be-4843-826c-6210679ff084
296e00e7-f25d-4245-84b4-fc2e49e19fc5,30ea1d43-04be-4843-826c-6210679ff084
9119f5d9-8262-49fb-b6f7-a8fdab237f1f,30ea1d43-04be-4843-826c-6210679ff084
36c801ca-bdee-4594-b134-2e63cc542bdc,30ea1d43-04be-4843-826c-6210679ff084
f174e6bd-64f1-40da-ac90-961a404b8b76,30ea1d43-04be-4843-826c-6210679ff084
cba067d7-689c-4709-9d01-74d874aef8a2,30ea1d43-04be-4843-826c-6210679ff084
405e91d8-aedb-4d74-8ef0-0bbced84da8a,30ea1d43-04be-4843-826c-6210679ff084
a0e07bb1-792f-4d04-a99c-9ea4a89c8eec,30ea1d43-04be-4843-826c-6210679ff084
66a961bb-b4ca-415d-80cc-b21c0d7732f2,30ea1d43-04be-4843-826c-6210679ff084
a6feee4a-80d4-476e-a9ce-37f5de8eb1fb,30ea1d43-04be-4843-826c-6210679ff084
f30d3a9d-93dc-46b5-a451-24089eea1689,30ea1d43-04be-4843-826c-6210679ff084
facf3582-fb75-4d3b-a3ac-ca92f45a4404,30ea1d43-04be-4843-826c-6210679ff084
6e68dc87-157b-4727-bce8-eb803d4e47f6,30ea1d43-04be-4843-826c-6210679ff084
2d4eaf77-1ba7-4c51-b474-8c8256713234,30ea1d43-04be-4843-826c-6210679ff084
8984c003-6b0a-4d5c-98c1-78b18e36070b,30ea1d43-04be-4843-826c-6210679ff084
62b87042-3b7a-46de-b8ca-3f9259c013f4,30ea1d43-04be-4843-826c-6210679ff084
10fc13c4-15f7-4fca-bc21-6b7fc4c0f8ee,30ea1d43-04be-4843-826c-6210679ff084
8f4727e4-aa88-4322-a47b-bc5e3224ec60,30ea1d43-04be-4843-826c-6210679ff084
41351a1c-592a-442f-ba3a-600372353be0,30ea1d43-04be-4843-826c-6210679ff084
b18c8771-9f9a-412e-9f80-d2797c0dc9c1,30ea1d43-04be-4843-826c-6210679ff084
a36201cb-3de6-4f7c-b01f-df29f08ce427,30ea1d43-04be-4843-826c-6210679ff084
2e502b41-6881-4847-8ce4-f0869826aab9,30ea1d43-04be-4843-826c-6210679ff084
94e1ee6b-78e0-4dbc-a577-6005038fe1bc,30ea1d43-04be-4843-826c-6210679ff084
ea60bf75-42a4-45c0-9174-049c62972852,30ea1d43-04be-4843-826c-6210679ff084
1d882e17-bf0f-4088-adb1-56fd318dce99,30ea1d43-04be-4843-826c-6210679ff084
61681a51-a178-4f41-81a8-4429c56d558d,30ea1d43-04be-4843-826c-6210679ff084
30eae9fc-a9d4-4124-b2cc-53be8498bcd0,30ea1d43-04be-4843-826c-6210679ff084
f79631ac-9786-4a4e-a10a-8af0c8e6c6f8,30ea1d43-04be-4843-826c-6210679ff084
6b58f3c7-32ea-4f08-aba3-7a95d89fa607,30ea1d43-04be-4843-826c-6210679ff084
aa2ea385-5f0d-4e9b-9d11-d4fff834c2de,30ea1d43-04be-4843-826c-6210679ff084
9c4fe8d0-d791-4e6f-b3d9-f53fa777e31a,fb17af35-844e-434f-a16e-71b1cc7a9f17
db161b34-065b-4f94-992c-9a3d0561252d,fb17af35-844e-434f-a16e-71b1cc7a9f17
307f855b-dda7-4f5e-adea-bdb568445d59,fb17af35-844e-434f-a16e-71b1cc7a9f17
dae7bb49-374d-457b-ae94-91172a63672d,fb17af35-844e-434f-a16e-71b1cc7a9f17
dceac3de-2d9a-4dbd-a6dc-bfa7647a7321,fb17af35-844e-434f-a16e-71b1cc7a9f17
20e5123f-f389-42e1-9d87-5b0a46d9225b,fb17af35-844e-434f-a16e-71b1cc7a9f17
b65c0085-23ba-44a0-8b5a-ae82f3991fb3,fb17af35-844e-434f-a16e-71b1cc7a9f17
80833a3f-8059-4619-a4cd-946d3eafa6a6,fb17af35-844e-434f-a16e-71b1cc7a9f17
ef89951b-777a-42d6-bc6e-b9a8ba4477d1,fb17af35-844e-434f-a16e-71b1cc7a9f17
8033d7ee-cd3a-45e7-ad38-3da667be9f69,fb17af35-844e-434f-a16e-71b1cc7a9f17
2316ca9c-6213-4a35-afe1-33fe36d29b68,fb17af35-844e-434f-a16e-71b1cc7a9f17
0d46b230-b85b-4664-b4ae-d06a90397e03,fb17af35-844e-434f-a16e-71b1cc7a9f17
ab639ef1-7bb8-44e0-9b9c-31998539e3ed,fb17af35-844e-434f-a16e-71b1cc7a9f17
d51cf1c0-d85d-4855-aaa3-b7bca5b96c0b,fb17af35-844e-434f-a16e-71b1cc7a9f17
dc43eb9b-9e42-456b-98f4-92247d7cd496,fb17af35-844e-434f-a16e-71b1cc7a9f17
95c0c988-6ab2-4f49-b6a1-5810d43dd207,fb17af35-844e-434f-a16e-71b1cc7a9f17
3a8363dd-1805-4c1a-b105-43a483ecf785,fb17af35-844e-434f-a16e-71b1cc7a9f17
f04e6042-c2d4-4b88-8e20-7b9788a0a024,fb17af35-844e-434f-a16e-71b1cc7a9f17
cbaa15c4-1bfd-4660-bb30-a4c94e970738,fb17af35-844e-434f-a16e-71b1cc7a9f17
055910cc-316c-4fc7-9aa9-24354f05a6b5,fb17af35-844e-434f-a16e-71b1cc7a9f17
fcab54b5-0556-4b6b-8288-ee3ea7891a4c,fb17af35-844e-434f-a16e-71b1cc7a9f17
3f258503-bde9-47c7-898e-19ecbde8b1b9,fb17af35-844e-434f-a16e-71b1cc7a9f17
6cb2fee8-9572-4d9a-a667-35adc5598415,fb17af35-844e-434f-a16e-71b1cc7a9f17
74abac33-6328-47bb-bccb-486ce030edd3,fb17af35-844e-434f-a16e-71b1cc7a9f17
8d65512b-cdaa-424f-b941-be8e3486f39f,fb17af35-844e-434f-a16e-71b1cc7a9f17
63c7eccf-c82c-47e2-a17d-205288c9307b,fb17af35-844e-434f-a16e-71b1cc7a9f17
a477fcb1-4890-4ae9-bdfe-a9377dd49fac,fb17af35-844e-434f-a16e-71b1cc7a9f17
d729eeac-4fe1-4fd2-9810-5b2ab590e72c,fb17af35-844e-434f-a16e-71b1cc7a9f17
868205d0-5337-4656-9125-28cb83bf955e,fb17af35-844e-434f-a16e-71b1cc7a9f17
f885421c-5ab5-4e55-9aee-26dfa2099e8c,fb17af35-844e-434f-a16e-71b1cc7a9f17
123c677b-c489-4b19-af34-f2e360ac36cc,fb17af35-844e-434f-a16e-71b1cc7a9f17
6a0cb4a8-80fb-49e8-becc-46ad01f7f84f,fb17af35-844e-434f-a16e-71b1cc7a9f17
7424cabd-390a-4698-b3f9-6116157beb8e,fb17af35-844e-434f-a16e-71b1cc7a9f17
63f1ba1b-2647-43a6-8100-f8376dba5cc8,fb17af35-844e-434f-a16e-71b1cc7a9f17
4fcceb5f-9bfc-44ad-ba8f-cfc0bd057206,fb17af35-844e-434f-a16e-71b1cc7a9f17
b1b4dfd7-f2b0-4775-883d-f071c8f1c896,fb17af35-844e-434f-a16e-71b1cc7a9f17
6a23a5e8-c97d-4727-9c0f-bfbe01b79871,fb17af35-844e-434f-a16e-71b1cc7a9f17
848e7f4c-432b-457a-9ccc-ca490a98d123,fb17af35-844e-434f-a16e-71b1cc7a9f17
c0f88539-f6a5-458b-b8d3-0d0fe63be998,fb17af35-844e-434f-a16e-71b1cc7a9f17
2f9bb1c4-4739-43fa-b116-748403c60196,fb17af35-844e-434f-a16e-71b1cc7a9f17
677e1174-95f1-485a-9817-ce835e18a2fd,fb17af35-844e-434f-a16e-71b1cc7a9f17
7a515af2-a791-4122-8f96-d87fb36212de,fb17af35-844e-434f-a16e-71b1cc7a9f17
0ca81ac5-e294-4c57-a955-102af28ad4af,fb17af35-844e-434f-a16e-71b1cc7a9f17
3ee12e38-c3eb-43be-811f-b6edc1a61a87,fb17af35-844e-434f-a16e-71b1cc7a9f17
8ae90b2c-92aa-49c2-863d-d5a2e99163b9,fb17af35-844e-434f-a16e-71b1cc7a9f17
af9ca778-2ea6-473e-8e16-7e932e83a3ab,fb17af35-844e-434f-a16e-71b1cc7a9f17
e4710bb6-40cd-416e-acfc-e826b2d7edf8,fb17af35-844e-434f-a16e-71b1cc7a9f17
bde4f46a-6029-4ab2-91c0-78283da09f01,fb17af35-844e-434f-a16e-71b1cc7a9f17
632a5ab4-e1d2-4ac8-852d-ee3d62062be1,fb17af35-844e-434f-a16e-71b1cc7a9f17
9a81ac6c-4379-4e28-91aa-b66cea515ff6,fb17af35-844e-434f-a16e-71b1cc7a9f17
a533cfbb-3107-4a32-918e-8a191c3a88e0,fb17af35-844e-434f-a16e-71b1cc7a9f17
31befde6-ba92-44b6-a67a-6e59497892df,fb17af35-844e-434f-a16e-71b1cc7a9f17
c71dbaaa-668d-4640-a170-a0fd4f93d749,fb17af35-844e-434f-a16e-71b1cc7a9f17
18fe0435-c901-47be-aaa2-110686f01050,fb17af35-844e-434f-a16e-71b1cc7a9f17
f7aa69c8-7206-4d21-a0d0-e6e1e7c66865,fb17af35-844e-434f-a16e-71b1cc7a9f17
9493220a-4f30-4ff2-adaa-95dd4514da22,fb17af35-844e-434f-a16e-71b1cc7a9f17
3364eb30-2ca7-4016-847a-49834a37cfdc,fb17af35-844e-434f-a16e-71b1cc7a9f17
26c70bd9-31d0-4b1f-9911-07bf782bcc4a,fb17af35-844e-434f-a16e-71b1cc7a9f17
a16cb147-38ee-4e98-836d-13d6bb09c255,fb17af35-844e-434f-a16e-71b1cc7a9f17
a00fed37-190d-4f1b-9b73-9d18044d0aeb,fb17af35-844e-434f-a16e-71b1cc7a9f17
02eb21b9-9e93-4c33-8316-638e7da771e0,fb17af35-844e-434f-a16e-71b1cc7a9f17
3bf4d1f2-c329-4708-8cdd-faef4a0c1d7b,fb17af35-844e-434f-a16e-71b1cc7a9f17
da527266-43b8-42c9-9601-3e2f4b945d14,fb17af35-844e-434f-a16e-71b1cc7a9f17
7cd6f60a-4da2-4969-8739-04d115d1e7c6,fb17af35-844e-434f-a16e-71b1cc7a9f17
e6afb708-bd9c-4ec2-84d2-8af59f66ed94,fb17af35-844e-434f-a16e-71b1cc7a9f17
20f1347f-cc75-4dbe-9983-57f4501fcc17,fb17af35-844e-434f-a16e-71b1cc7a9f17
12ba87f8-83c3-452c-9ff7-ba7410f5d5e4,fb17af35-844e-434f-a16e-71b1cc7a9f17
bd1bbaca-96a8-40ac-8dfc-9dedd1ec64d8,fb17af35-844e-434f-a16e-71b1cc7a9f17
bbb1b9ee-408f-4eb0-95c9-9145141515b2,fb17af35-844e-434f-a16e-71b1cc7a9f17
52c23a6b-a301-44ce-8909-f0f717439dc9,fb17af35-844e-434f-a16e-71b1cc7a9f17
6b0aa37e-f158-404d-8c76-1d2b37fbfb5a,fb17af35-844e-434f-a16e-71b1cc7a9f17
672cfdbd-8330-42bb-979d-506c7721a148,fb17af35-844e-434f-a16e-71b1cc7a9f17
59ac1e62-cdd1-4a28-bbc9-8c8edda6ed66,fb17af35-844e-434f-a16e-71b1cc7a9f17
6b887477-f6a6-461f-a465-b1426f9ee6c6,fb17af35-844e-434f-a16e-71b1cc7a9f17
1595f099-8b37-4eb7-8f85-fbc8b5f9b9a0,fb17af35-844e-434f-a16e-71b1cc7a9f17
7c7f8258-2a5a-4e26-b3ff-5e34432b5513,fb17af35-844e-434f-a16e-71b1cc7a9f17
0143eecc-c038-4806-ba09-040d20077c80,fb17af35-844e-434f-a16e-71b1cc7a9f17
f972f59d-4bac-4584-97b1-cf1f08f1a5d5,fb17af35-844e-434f-a16e-71b1cc7a9f17
15507f4e-16ed-44cd-bdcd-afb6c0fc9bf7,fb17af35-844e-434f-a16e-71b1cc7a9f17
296e00e7-f25d-4245-84b4-fc2e49e19fc5,fb17af35-844e-434f-a16e-71b1cc7a9f17
9119f5d9-8262-49fb-b6f7-a8fdab237f1f,fb17af35-844e-434f-a16e-71b1cc7a9f17
36c801ca-bdee-4594-b134-2e63cc542bdc,fb17af35-844e-434f-a16e-71b1cc7a9f17
f174e6bd-64f1-40da-ac90-961a404b8b76,fb17af35-844e-434f-a16e-71b1cc7a9f17
cba067d7-689c-4709-9d01-74d874aef8a2,fb17af35-844e-434f-a16e-71b1cc7a9f17
405e91d8-aedb-4d74-8ef0-0bbced84da8a,fb17af35-844e-434f-a16e-71b1cc7a9f17
a0e07bb1-792f-4d04-a99c-9ea4a89c8eec,fb17af35-844e-434f-a16e-71b1cc7a9f17
66a961bb-b4ca-415d-80cc-b21c0d7732f2,fb17af35-844e-434f-a16e-71b1cc7a9f17
a6feee4a-80d4-476e-a9ce-37f5de8eb1fb,fb17af35-844e-434f-a16e-71b1cc7a9f17
f30d3a9d-93dc-46b5-a451-24089eea1689,fb17af35-844e-434f-a16e-71b1cc7a9f17
facf3582-fb75-4d3b-a3ac-ca92f45a4404,fb17af35-844e-434f-a16e-71b1cc7a9f17
6e68dc87-157b-4727-bce8-eb803d4e47f6,fb17af35-844e-434f-a16e-71b1cc7a9f17
2d4eaf77-1ba7-4c51-b474-8c8256713234,fb17af35-844e-434f-a16e-71b1cc7a9f17
8984c003-6b0a-4d5c-98c1-78b18e36070b,fb17af35-844e-434f-a16e-71b1cc7a9f17
62b87042-3b7a-46de-b8ca-3f9259c013f4,fb17af35-844e-434f-a16e-71b1cc7a9f17
10fc13c4-15f7-4fca-bc21-6b7fc4c0f8ee,fb17af35-844e-434f-a16e-71b1cc7a9f17
8f4727e4-aa88-4322-a47b-bc5e3224ec60,fb17af35-844e-434f-a16e-71b1cc7a9f17
41351a1c-592a-442f-ba3a-600372353be0,fb17af35-844e-434f-a16e-71b1cc7a9f17
b18c8771-9f9a-412e-9f80-d2797c0dc9c1,fb17af35-844e-434f-a16e-71b1cc7a9f17
a36201cb-3de6-4f7c-b01f-df29f08ce427,fb17af35-844e-434f-a16e-71b1cc7a9f17
2e502b41-6881-4847-8ce4-f0869826aab9,fb17af35-844e-434f-a16e-71b1cc7a9f17
94e1ee6b-78e0-4dbc-a577-6005038fe1bc,fb17af35-844e-434f-a16e-71b1cc7a9f17
ea60bf75-42a4-45c0-9174-049c62972852,fb17af35-844e-434f-a16e-71b1cc7a9f17
1d882e17-bf0f-4088-adb1-56fd318dce99,fb17af35-844e-434f-a16e-71b1cc7a9f17
61681a51-a178-4f41-81a8-4429c56d558d,fb17af35-844e-434f-a16e-71b1cc7a9f17
30eae9fc-a9d4-4124-b2cc-53be8498bcd0,fb17af35-844e-434f-a16e-71b1cc7a9f17
f79631ac-9786-4a4e-a10a-8af0c8e6c6f8,fb17af35-844e-434f-a16e-71b1cc7a9f17
6b58f3c7-32ea-4f08-aba3-7a95d89fa607,fb17af35-844e-434f-a16e-71b1cc7a9f17
aa2ea385-5f0d-4e9b-9d11-d4fff834c2de,fb17af35-844e-434f-a16e-71b1cc7a9f17
9c4fe8d0-d791-4e6f-b3d9-f53fa777e31a,e2664000-3423-427f-b5e4-0576223931c7
db161b34-065b-4f94-992c-9a3d0561252d,e2664000-3423-427f-b5e4-0576223931c7
307f855b-dda7-4f5e-adea-bdb568445d59,e2664000-3423-427f-b5e4-0576223931c7
dae7bb49-374d-457b-ae94-91172a63672d,e2664000-3423-427f-b5e4-0576223931c7
dceac3de-2d9a-4dbd-a6dc-bfa7647a7321,e2664000-3423-427f-b5e4-0576223931c7
20e5123f-f389-42e1-9d87-5b0a46d9225b,e2664000-3423-427f-b5e4-0576223931c7
b65c0085-23ba-44a0-8b5a-ae82f3991fb3,e2664000-3423-427f-b5e4-0576223931c7
80833a3f-8059-4619-a4cd-946d3eafa6a6,e2664000-3423-427f-b5e4-0576223931c7
ef89951b-777a-42d6-bc6e-b9a8ba4477d1,e2664000-3423-427f-b5e4-0576223931c7
8033d7ee-cd3a-45e7-ad38-3da667be9f69,e2664000-3423-427f-b5e4-0576223931c7
2316ca9c-6213-4a35-afe1-33fe36d29b68,e2664000-3423-427f-b5e4-0576223931c7
0d46b230-b85b-4664-b4ae-d06a90397e03,e2664000-3423-427f-b5e4-0576223931c7
ab639ef1-7bb8-44e0-9b9c-31998539e3ed,e2664000-3423-427f-b5e4-0576223931c7
d51cf1c0-d85d-4855-aaa3-b7bca5b96c0b,e2664000-3423-427f-b5e4-0576223931c7
dc43eb9b-9e42-456b-98f4-92247d7cd496,e2664000-3423-427f-b5e4-0576223931c7
95c0c988-6ab2-4f49-b6a1-5810d43dd207,e2664000-3423-427f-b5e4-0576223931c7
3a8363dd-1805-4c1a-b105-43a483ecf785,e2664000-3423-427f-b5e4-0576223931c7
f04e6042-c2d4-4b88-8e20-7b9788a0a024,e2664000-3423-427f-b5e4-0576223931c7
cbaa15c4-1bfd-4660-bb30-a4c94e970738,e2664000-3423-427f-b5e4-0576223931c7
055910cc-316c-4fc7-9aa9-24354f05a6b5,e2664000-3423-427f-b5e4-0576223931c7
fcab54b5-0556-4b6b-8288-ee3ea7891a4c,e2664000-3423-427f-b5e4-0576223931c7
3f258503-bde9-47c7-898e-19ecbde8b1b9,e2664000-3423-427f-b5e4-0576223931c7
6cb2fee8-9572-4d9a-a667-35adc5598415,e2664000-3423-427f-b5e4-0576223931c7
74abac33-6328-47bb-bccb-486ce030edd3,e2664000-3423-427f-b5e4-0576223931c7
8d65512b-cdaa-424f-b941-be8e3486f39f,e2664000-3423-427f-b5e4-0576223931c7
63c7eccf-c82c-47e2-a17d-205288c9307b,e2664000-3423-427f-b5e4-0576223931c7
a477fcb1-4890-4ae9-bdfe-a9377dd49fac,e2664000-3423-427f-b5e4-0576223931c7
d729eeac-4fe1-4fd2-9810-5b2ab590e72c,e2664000-3423-427f-b5e4-0576223931c7
868205d0-5337-4656-9125-28cb83bf955e,e2664000-3423-427f-b5e4-0576223931c7
f885421c-5ab5-4e55-9aee-26dfa2099e8c,e2664000-3423-427f-b5e4-0576223931c7
123c677b-c489-4b19-af34-f2e360ac36cc,e2664000-3423-427f-b5e4-0576223931c7
6a0cb4a8-80fb-49e8-becc-46ad01f7f84f,e2664000-3423-427f-b5e4-0576223931c7
7424cabd-390a-4698-b3f9-6116157beb8e,e2664000-3423-427f-b5e4-0576223931c7
63f1ba1b-2647-43a6-8100-f8376dba5cc8,e2664000-3423-427f-b5e4-0576223931c7
4fcceb5f-9bfc-44ad-ba8f-cfc0bd057206,e2664000-3423-427f-b5e4-0576223931c7
b1b4dfd7-f2b0-4775-883d-f071c8f1c896,e2664000-3423-427f-b5e4-0576223931c7
6a23a5e8-c97d-4727-9c0f-bfbe01b79871,e2664000-3423-427f-b5e4-0576223931c7
848e7f4c-432b-457a-9ccc-ca490a98d123,e2664000-3423-427f-b5e4-0576223931c7
c0f88539-f6a5-458b-b8d3-0d0fe63be998,e2664000-3423-427f-b5e4-0576223931c7
2f9bb1c4-4739-43fa-b116-748403c60196,e2664000-3423-427f-b5e4-0576223931c7
677e1174-95f1-485a-9817-ce835e18a2fd,e2664000-3423-427f-b5e4-0576223931c7
7a515af2-a791-4122-8f96-d87fb36212de,e2664000-3423-427f-b5e4-0576223931c7
0ca81ac5-e294-4c57-a955-102af28ad4af,e2664000-3423-427f-b5e4-0576223931c7
3ee12e38-c3eb-43be-811f-b6edc1a61a87,e2664000-3423-427f-b5e4-0576223931c7
8ae90b2c-92aa-49c2-863d-d5a2e99163b9,e2664000-3423-427f-b5e4-0576223931c7
af9ca778-2ea6-473e-8e16-7e932e83a3ab,e2664000-3423-427f-b5e4-0576223931c7
e4710bb6-40cd-416e-acfc-e826b2d7edf8,e2664000-3423-427f-b5e4-0576223931c7
bde4f46a-6029-4ab2-91c0-78283da09f01,e2664000-3423-427f-b5e4-0576223931c7
632a5ab4-e1d2-4ac8-852d-ee3d62062be1,e2664000-3423-427f-b5e4-0576223931c7
9a81ac6c-4379-4e28-91aa-b66cea515ff6,e2664000-3423-427f-b5e4-0576223931c7
a533cfbb-3107-4a32-918e-8a191c3a88e0,e2664000-3423-427f-b5e4-0576223931c7
31befde6-ba92-44b6-a67a-6e59497892df,e2664000-3423-427f-b5e4-0576223931c7
c71dbaaa-668d-4640-a170-a0fd4f93d749,e2664000-3423-427f-b5e4-0576223931c7
18fe0435-c901-47be-aaa2-110686f01050,e2664000-3423-427f-b5e4-0576223931c7
f7aa69c8-7206-4d21-a0d0-e6e1e7c66865,e2664000-3423-427f-b5e4-0576223931c7
9493220a-4f30-4ff2-adaa-95dd4514da22,e2664000-3423-427f-b5e4-0576223931c7
3364eb30-2ca7-4016-847a-49834a37cfdc,e2664000-3423-427f-b5e4-0576223931c7
26c70bd9-31d0-4b1f-9911-07bf782bcc4a,e2664000-3423-427f-b5e4-0576223931c7
a16cb147-38ee-4e98-836d-13d6bb09c255,e2664000-3423-427f-b5e4-0576223931c7
a00fed37-190d-4f1b-9b73-9d18044d0aeb,e2664000-3423-427f-b5e4-0576223931c7
02eb21b9-9e93-4c33-8316-638e7da771e0,e2664000-3423-427f-b5e4-0576223931c7
3bf4d1f2-c329-4708-8cdd-faef4a0c1d7b,e2664000-3423-427f-b5e4-0576223931c7
da527266-43b8-42c9-9601-3e2f4b945d14,e2664000-3423-427f-b5e4-0576223931c7
7cd6f60a-4da2-4969-8739-04d115d1e7c6,e2664000-3423-427f-b5e4-0576223931c7
e6afb708-bd9c-4ec2-84d2-8af59f66ed94,e2664000-3423-427f-b5e4-0576223931c7
20f1347f-cc75-4dbe-9983-57f4501fcc17,e2664000-3423-427f-b5e4-0576223931c7
12ba87f8-83c3-452c-9ff7-ba7410f5d5e4,e2664000-3423-427f-b5e4-0576223931c7
bd1bbaca-96a8-40ac-8dfc-9dedd1ec64d8,e2664000-3423-427f-b5e4-0576223931c7
bbb1b9ee-408f-4eb0-95c9-9145141515b2,e2664000-3423-427f-b5e4-0576223931c7
52c23a6b-a301-44ce-8909-f0f717439dc9,e2664000-3423-427f-b5e4-0576223931c7
6b0aa37e-f158-404d-8c76-1d2b37fbfb5a,e2664000-3423-427f-b5e4-0576223931c7
672cfdbd-8330-42bb-979d-506c7721a148,e2664000-3423-427f-b5e4-0576223931c7
59ac1e62-cdd1-4a28-bbc9-8c8edda6ed66,e2664000-3423-427f-b5e4-0576223931c7
6b887477-f6a6-461f-a465-b1426f9ee6c6,e2664000-3423-427f-b5e4-0576223931c7
1595f099-8b37-4eb7-8f85-fbc8b5f9b9a0,e2664000-3423-427f-b5e4-0576223931c7
7c7f8258-2a5a-4e26-b3ff-5e34432b5513,e2664000-3423-427f-b5e4-0576223931c7
0143eecc-c038-4806-ba09-040d20077c80,e2664000-3423-427f-b5e4-0576223931c7
f972f59d-4bac-4584-97b1-cf1f08f1a5d5,e2664000-3423-427f-b5e4-0576223931c7
15507f4e-16ed-44cd-bdcd-afb6c0fc9bf7,e2664000-3423-427f-b5e4-0576223931c7
296e00e7-f25d-4245-84b4-fc2e49e19fc5,e2664000-3423-427f-b5e4-0576223931c7
9119f5d9-8262-49fb-b6f7-a8fdab237f1f,e2664000-3423-427f-b5e4-0576223931c7
36c801ca-bdee-4594-b134-2e63cc542bdc,e2664000-3423-427f-b5e4-0576223931c7
f174e6bd-64f1-40da-ac90-961a404b8b76,e2664000-3423-427f-b5e4-0576223931c7
cba067d7-689c-4709-9d01-74d874aef8a2,e2664000-3423-427f-b5e4-0576223931c7
405e91d8-aedb-4d74-8ef0-0bbced84da8a,e2664000-3423-427f-b5e4-0576223931c7
a0e07bb1-792f-4d04-a99c-9ea4a89c8eec,e2664000-3423-427f-b5e4-0576223931c7
66a961bb-b4ca-415d-80cc-b21c0d7732f2,e2664000-3423-427f-b5e4-0576223931c7
a6feee4a-80d4-476e-a9ce-37f5de8eb1fb,e2664000-3423-427f-b5e4-0576223931c7
f30d3a9d-93dc-46b5-a451-24089eea1689,e2664000-3423-427f-b5e4-0576223931c7
facf3582-fb75-4d3b-a3ac-ca92f45a4404,e2664000-3423-427f-b5e4-0576223931c7
6e68dc87-157b-4727-bce8-eb803d4e47f6,e2664000-3423-427f-b5e4-0576223931c7
2d4eaf77-1ba7-4c51-b474-8c8256713234,e2664000-3423-427f-b5e4-0576223931c7
8984c003-6b0a-4d5c-98c1-78b18e36070b,e2664000-3423-427f-b5e4-0576223931c7
62b87042-3b7a-46de-b8ca-3f9259c013f4,e2664000-3423-427f-b5e4-0576223931c7
10fc13c4-15f7-4fca-bc21-6b7fc4c0f8ee,e2664000-3423-427f-b5e4-0576223931c7
8f4727e4-aa88-4322-a47b-bc5e3224ec60,e2664000-3423-427f-b5e4-0576223931c7
41351a1c-592a-442f-ba3a-600372353be0,e2664000-3423-427f-b5e4-0576223931c7
b18c8771-9f9a-412e-9f80-d2797c0dc9c1,e2664000-3423-427f-b5e4-0576223931c7
a36201cb-3de6-4f7c-b01f-df29f08ce427,e2664000-3423-427f-b5e4-0576223931c7
2e502b41-6881-4847-8ce4-f0869826aab9,e2664000-3423-427f-b5e4-0576223931c7
94e1ee6b-78e0-4dbc-a577-6005038fe1bc,e2664000-3423-427f-b5e4-0576223931c7
ea60bf75-42a4-45c0-9174-049c62972852,e2664000-3423-427f-b5e4-0576223931c7
1d882e17-bf0f-4088-adb1-56fd318dce99,e2664000-3423-427f-b5e4-0576223931c7
61681a51-a178-4f41-81a8-4429c56d558d,e2664000-3423-427f-b5e4-0576223931c7
30eae9fc-a9d4-4124-b2cc-53be8498bcd0,e2664000-3423-427f-b5e4-0576223931c7
f79631ac-9786-4a4e-a10a-8af0c8e6c6f8,e2664000-3423-427f-b5e4-0576223931c7
6b58f3c7-32ea-4f08-aba3-7a95d89fa607,e2664000-3423-427f-b5e4-0576223931c7
aa2ea385-5f0d-4e9b-9d11-d4fff834c2de,e2664000-3423-427f-b5e4-0576223931c7
9c4fe8d0-d791-4e6f-b3d9-f53fa777e31a,f8516dd1-9996-43b0-b3b0-dbd719296121
db161b34-065b-4f94-992c-9a3d0561252d,f8516dd1-9996-43b0-b3b0-dbd719296121
307f855b-dda7-4f5e-adea-bdb568445d59,f8516dd1-9996-43b0-b3b0-dbd719296121
dae7bb49-374d-457b-ae94-91172a63672d,f8516dd1-9996-43b0-b3b0-dbd719296121
dceac3de-2d9a-4dbd-a6dc-bfa7647a7321,f8516dd1-9996-43b0-b3b0-dbd719296121
20e5123f-f389-42e1-9d87-5b0a46d9225b,f8516dd1-9996-43b0-b3b0-dbd719296121
b65c0085-23ba-44a0-8b5a-ae82f3991fb3,f8516dd1-9996-43b0-b3b0-dbd719296121
80833a3f-8059-4619-a4cd-946d3eafa6a6,f8516dd1-9996-43b0-b3b0-dbd719296121
ef89951b-777a-42d6-bc6e-b9a8ba4477d1,f8516dd1-9996-43b0-b3b0-dbd719296121
8033d7ee-cd3a-45e7-ad38-3da667be9f69,f8516dd1-9996-43b0-b3b0-dbd719296121
2316ca9c-6213-4a35-afe1-33fe36d29b68,f8516dd1-9996-43b0-b3b0-dbd719296121
0d46b230-b85b-4664-b4ae-d06a90397e03,f8516dd1-9996-43b0-b3b0-dbd719296121
ab639ef1-7bb8-44e0-9b9c-31998539e3ed,f8516dd1-9996-43b0-b3b0-dbd719296121
d51cf1c0-d85d-4855-aaa3-b7bca5b96c0b,f8516dd1-9996-43b0-b3b0-dbd719296121
dc43eb9b-9e42-456b-98f4-92247d7cd496,f8516dd1-9996-43b0-b3b0-dbd719296121
95c0c988-6ab2-4f49-b6a1-5810d43dd207,f8516dd1-9996-43b0-b3b0-dbd719296121
3a8363dd-1805-4c1a-b105-43a483ecf785,f8516dd1-9996-43b0-b3b0-dbd719296121
f04e6042-c2d4-4b88-8e20-7b9788a0a024,f8516dd1-9996-43b0-b3b0-dbd719296121
cbaa15c4-1bfd-4660-bb30-a4c94e970738,f8516dd1-9996-43b0-b3b0-dbd719296121
055910cc-316c-4fc7-9aa9-24354f05a6b5,f8516dd1-9996-43b0-b3b0-dbd719296121
fcab54b5-0556-4b6b-8288-ee3ea7891a4c,f8516dd1-9996-43b0-b3b0-dbd719296121
3f258503-bde9-47c7-898e-19ecbde8b1b9,f8516dd1-9996-43b0-b3b0-dbd719296121
6cb2fee8-9572-4d9a-a667-35adc5598415,f8516dd1-9996-43b0-b3b0-dbd719296121
74abac33-6328-47bb-bccb-486ce030edd3,f8516dd1-9996-43b0-b3b0-dbd719296121
8d65512b-cdaa-424f-b941-be8e3486f39f,f8516dd1-9996-43b0-b3b0-dbd719296121
63c7eccf-c82c-47e2-a17d-205288c9307b,f8516dd1-9996-43b0-b3b0-dbd719296121
a477fcb1-4890-4ae9-bdfe-a9377dd49fac,f8516dd1-9996-43b0-b3b0-dbd719296121
d729eeac-4fe1-4fd2-9810-5b2ab590e72c,f8516dd1-9996-43b0-b3b0-dbd719296121
868205d0-5337-4656-9125-28cb83bf955e,f8516dd1-9996-43b0-b3b0-dbd719296121
f885421c-5ab5-4e55-9aee-26dfa2099e8c,f8516dd1-9996-43b0-b3b0-dbd719296121
123c677b-c489-4b19-af34-f2e360ac36cc,f8516dd1-9996-43b0-b3b0-dbd719296121
6a0cb4a8-80fb-49e8-becc-46ad01f7f84f,f8516dd1-9996-43b0-b3b0-dbd719296121
7424cabd-390a-4698-b3f9-6116157beb8e,f8516dd1-9996-43b0-b3b0-dbd719296121
63f1ba1b-2647-43a6-8100-f8376dba5cc8,f8516dd1-9996-43b0-b3b0-dbd719296121
4fcceb5f-9bfc-44ad-ba8f-cfc0bd057206,f8516dd1-9996-43b0-b3b0-dbd719296121
b1b4dfd7-f2b0-4775-883d-f071c8f1c896,f8516dd1-9996-43b0-b3b0-dbd719296121
6a23a5e8-c97d-4727-9c0f-bfbe01b79871,f8516dd1-9996-43b0-b3b0-dbd719296121
848e7f4c-432b-457a-9ccc-ca490a98d123,f8516dd1-9996-43b0-b3b0-dbd719296121
c0f88539-f6a5-458b-b8d3-0d0fe63be998,f8516dd1-9996-43b0-b3b0-dbd719296121
2f9bb1c4-4739-43fa-b116-748403c60196,f8516dd1-9996-43b0-b3b0-dbd719296121
677e1174-95f1-485a-9817-ce835e18a2fd,f8516dd1-9996-43b0-b3b0-dbd719296121
7a515af2-a791-4122-8f96-d87fb36212de,f8516dd1-9996-43b0-b3b0-dbd719296121
0ca81ac5-e294-4c57-a955-102af28ad4af,f8516dd1-9996-43b0-b3b0-dbd719296121
3ee12e38-c3eb-43be-811f-b6edc1a61a87,f8516dd1-9996-43b0-b3b0-dbd719296121
8ae90b2c-92aa-49c2-863d-d5a2e99163b9,f8516dd1-9996-43b0-b3b0-dbd719296121
af9ca778-2ea6-473e-8e16-7e932e83a3ab,f8516dd1-9996-43b0-b3b0-dbd719296121
e4710bb6-40cd-416e-acfc-e826b2d7edf8,f8516dd1-9996-43b0-b3b0-dbd719296121
bde4f46a-6029-4ab2-91c0-78283da09f01,f8516dd1-9996-43b0-b3b0-dbd719296121
632a5ab4-e1d2-4ac8-852d-ee3d62062be1,f8516dd1-9996-43b0-b3b0-dbd719296121
9a81ac6c-4379-4e28-91aa-b66cea515ff6,f8516dd1-9996-43b0-b3b0-dbd719296121
a533cfbb-3107-4a32-918e-8a191c3a88e0,f8516dd1-9996-43b0-b3b0-dbd719296121
31befde6-ba92-44b6-a67a-6e59497892df,f8516dd1-9996-43b0-b3b0-dbd719296121
c71dbaaa-668d-4640-a170-a0fd4f93d749,f8516dd1-9996-43b0-b3b0-dbd719296121
18fe0435-c901-47be-aaa2-110686f01050,f8516dd1-9996-43b0-b3b0-dbd719296121
f7aa69c8-7206-4d21-a0d0-e6e1e7c66865,f8516dd1-9996-43b0-b3b0-dbd719296121
9493220a-4f30-4ff2-adaa-95dd4514da22,f8516dd1-9996-43b0-b3b0-dbd719296121
3364eb30-2ca7-4016-847a-49834a37cfdc,f8516dd1-9996-43b0-b3b0-dbd719296121
26c70bd9-31d0-4b1f-9911-07bf782bcc4a,f8516dd1-9996-43b0-b3b0-dbd719296121
a16cb147-38ee-4e98-836d-13d6bb09c255,f8516dd1-9996-43b0-b3b0-dbd719296121
a00fed37-190d-4f1b-9b73-9d18044d0aeb,f8516dd1-9996-43b0-b3b0-dbd719296121
02eb21b9-9e93-4c33-8316-638e7da771e0,f8516dd1-9996-43b0-b3b0-dbd719296121
3bf4d1f2-c329-4708-8cdd-faef4a0c1d7b,f8516dd1-9996-43b0-b3b0-dbd719296121
da527266-43b8-42c9-9601-3e2f4b945d14,f8516dd1-9996-43b0-b3b0-dbd719296121
7cd6f60a-4da2-4969-8739-04d115d1e7c6,f8516dd1-9996-43b0-b3b0-dbd719296121
e6afb708-bd9c-4ec2-84d2-8af59f66ed94,f8516dd1-9996-43b0-b3b0-dbd719296121
20f1347f-cc75-4dbe-9983-57f4501fcc17,f8516dd1-9996-43b0-b3b0-dbd719296121
12ba87f8-83c3-452c-9ff7-ba7410f5d5e4,f8516dd1-9996-43b0-b3b0-dbd719296121
bd1bbaca-96a8-40ac-8dfc-9dedd1ec64d8,f8516dd1-9996-43b0-b3b0-dbd719296121
bbb1b9ee-408f-4eb0-95c9-9145141515b2,f8516dd1-9996-43b0-b3b0-dbd719296121
52c23a6b-a301-44ce-8909-f0f717439dc9,f8516dd1-9996-43b0-b3b0-dbd719296121
6b0aa37e-f158-404d-8c76-1d2b37fbfb5a,f8516dd1-9996-43b0-b3b0-dbd719296121
672cfdbd-8330-42bb-979d-506c7721a148,f8516dd1-9996-43b0-b3b0-dbd719296121
59ac1e62-cdd1-4a28-bbc9-8c8edda6ed66,f8516dd1-9996-43b0-b3b0-dbd719296121
6b887477-f6a6-461f-a465-b1426f9ee6c6,f8516dd1-9996-43b0-b3b0-dbd719296121
1595f099-8b37-4eb7-8f85-fbc8b5f9b9a0,f8516dd1-9996-43b0-b3b0-dbd719296121
7c7f8258-2a5a-4e26-b3ff-5e34432b5513,f8516dd1-9996-43b0-b3b0-dbd719296121
0143eecc-c038-4806-ba09-040d20077c80,f8516dd1-9996-43b0-b3b0-dbd719296121
f972f59d-4bac-4584-97b1-cf1f08f1a5d5,f8516dd1-9996-43b0-b3b0-dbd719296121
15507f4e-16ed-44cd-bdcd-afb6c0fc9bf7,f8516dd1-9996-43b0-b3b0-dbd719296121
296e00e7-f25d-4245-84b4-fc2e49e19fc5,f8516dd1-9996-43b0-b3b0-dbd719296121
9119f5d9-8262-49fb-b6f7-a8fdab237f1f,f8516dd1-9996-43b0-b3b0-dbd719296121
36c801ca-bdee-4594-b134-2e63cc542bdc,f8516dd1-9996-43b0-b3b0-dbd719296121
f174e6bd-64f1-40da-ac90-961a404b8b76,f8516dd1-9996-43b0-b3b0-dbd719296121
cba067d7-689c-4709-9d01-74d874aef8a2,f8516dd1-9996-43b0-b3b0-dbd719296121
405e91d8-aedb-4d74-8ef0-0bbced84da8a,f8516dd1-9996-43b0-b3b0-dbd719296121
a0e07bb1-792f-4d04-a99c-9ea4a89c8eec,f8516dd1-9996-43b0-b3b0-dbd719296121
66a961bb-b4ca-415d-80cc-b21c0d7732f2,f8516dd1-9996-43b0-b3b0-dbd719296121
a6feee4a-80d4-476e-a9ce-37f5de8eb1fb,f8516dd1-9996-43b0-b3b0-dbd719296121
f30d3a9d-93dc-46b5-a451-24089eea1689,f8516dd1-9996-43b0-b3b0-dbd719296121
facf3582-fb75-4d3b-a3ac-ca92f45a4404,f8516dd1-9996-43b0-b3b0-dbd719296121
6e68dc87-157b-4727-bce8-eb803d4e47f6,f8516dd1-9996-43b0-b3b0-dbd719296121
2d4eaf77-1ba7-4c51-b474-8c8256713234,f8516dd1-9996-43b0-b3b0-dbd719296121
8984c003-6b0a-4d5c-98c1-78b18e36070b,f8516dd1-9996-43b0-b3b0-dbd719296121
62b87042-3b7a-46de-b8ca-3f9259c013f4,f8516dd1-9996-43b0-b3b0-dbd719296121
10fc13c4-15f7-4fca-bc21-6b7fc4c0f8ee,f8516dd1-9996-43b0-b3b0-dbd719296121
8f4727e4-aa88-4322-a47b-bc5e3224ec60,f8516dd1-9996-43b0-b3b0-dbd719296121
41351a1c-592a-442f-ba3a-600372353be0,f8516dd1-9996-43b0-b3b0-dbd719296121
b18c8771-9f9a-412e-9f80-d2797c0dc9c1,f8516dd1-9996-43b0-b3b0-dbd719296121
a36201cb-3de6-4f7c-b01f-df29f08ce427,f8516dd1-9996-43b0-b3b0-dbd719296121
2e502b41-6881-4847-8ce4-f0869826aab9,f8516dd1-9996-43b0-b3b0-dbd719296121
94e1ee6b-78e0-4dbc-a577-6005038fe1bc,f8516dd1-9996-43b0-b3b0-dbd719296121
ea60bf75-42a4-45c0-9174-049c62972852,f8516dd1-9996-43b0-b3b0-dbd719296121
1d882e17-bf0f-4088-adb1-56fd318dce99,f8516dd1-9996-43b0-b3b0-dbd719296121
61681a51-a178-4f41-81a8-4429c56d558d,f8516dd1-9996-43b0-b3b0-dbd719296121
30eae9fc-a9d4-4124-b2cc-53be8498bcd0,f8516dd1-9996-43b0-b3b0-dbd719296121
f79631ac-9786-4a4e-a10a-8af0c8e6c6f8,f8516dd1-9996-43b0-b3b0-dbd719296121
6b58f3c7-32ea-4f08-aba3-7a95d89fa607,f8516dd1-9996-43b0-b3b0-dbd719296121
aa2ea385-5f0d-4e9b-9d11-d4fff834c2de,f8516dd1-9996-43b0-b3b0-dbd719296121
9c4fe8d0-d791-4e6f-b3d9-f53fa777e31a,e262fb84-8312-41c0-980e-849293b6261d
db161b34-065b-4f94-992c-9a3d0561252d,e262fb84-8312-41c0-980e-849293b6261d
307f855b-dda7-4f5e-adea-bdb568445d59,e262fb84-8312-41c0-980e-849293b6261d
dae7bb49-374d-457b-ae94-91172a63672d,e262fb84-8312-41c0-980e-849293b6261d
dceac3de-2d9a-4dbd-a6dc-bfa7647a7321,e262fb84-8312-41c0-980e-849293b6261d
20e5123f-f389-42e1-9d87-5b0a46d9225b,e262fb84-8312-41c0-980e-849293b6261d
b65c0085-23ba-44a0-8b5a-ae82f3991fb3,e262fb84-8312-41c0-980e-849293b6261d
80833a3f-8059-4619-a4cd-946d3eafa6a6,e262fb84-8312-41c0-980e-849293b6261d
ef89951b-777a-42d6-bc6e-b9a8ba4477d1,e262fb84-8312-41c0-980e-849293b6261d
8033d7ee-cd3a-45e7-ad38-3da667be9f69,e262fb84-8312-41c0-980e-849293b6261d
2316ca9c-6213-4a35-afe1-33fe36d29b68,e262fb84-8312-41c0-980e-849293b6261d
0d46b230-b85b-4664-b4ae-d06a90397e03,e262fb84-8312-41c0-980e-849293b6261d
ab639ef1-7bb8-44e0-9b9c-31998539e3ed,e262fb84-8312-41c0-980e-849293b6261d
d51cf1c0-d85d-4855-aaa3-b7bca5b96c0b,e262fb84-8312-41c0-980e-849293b6261d
dc43eb9b-9e42-456b-98f4-92247d7cd496,e262fb84-8312-41c0-980e-849293b6261d
95c0c988-6ab2-4f49-b6a1-5810d43dd207,e262fb84-8312-41c0-980e-849293b6261d
3a8363dd-1805-4c1a-b105-43a483ecf785,e262fb84-8312-41c0-980e-849293b6261d
f04e6042-c2d4-4b88-8e20-7b9788a0a024,e262fb84-8312-41c0-980e-849293b6261d
cbaa15c4-1bfd-4660-bb30-a4c94e970738,e262fb84-8312-41c0-980e-849293b6261d
055910cc-316c-4fc7-9aa9-24354f05a6b5,e262fb84-8312-41c0-980e-849293b6261d
fcab54b5-0556-4b6b-8288-ee3ea7891a4c,e262fb84-8312-41c0-980e-849293b6261d
3f258503-bde9-47c7-898e-19ecbde8b1b9,e262fb84-8312-41c0-980e-849293b6261d
6cb2fee8-9572-4d9a-a667-35adc5598415,e262fb84-8312-41c0-980e-849293b6261d
74abac33-6328-47bb-bccb-486ce030edd3,e262fb84-8312-41c0-980e-849293b6261d
8d65512b-cdaa-424f-b941-be8e3486f39f,e262fb84-8312-41c0-980e-849293b6261d
63c7eccf-c82c-47e2-a17d-205288c9307b,e262fb84-8312-41c0-980e-849293b6261d
a477fcb1-4890-4ae9-bdfe-a9377dd49fac,e262fb84-8312-41c0-980e-849293b6261d
d729eeac-4fe1-4fd2-9810-5b2ab590e72c,e262fb84-8312-41c0-980e-849293b6261d
868205d0-5337-4656-9125-28cb83bf955e,e262fb84-8312-41c0-980e-849293b6261d
f885421c-5ab5-4e55-9aee-26dfa2099e8c,e262fb84-8312-41c0-980e-849293b6261d
123c677b-c489-4b19-af34-f2e360ac36cc,e262fb84-8312-41c0-980e-849293b6261d
6a0cb4a8-80fb-49e8-becc-46ad01f7f84f,e262fb84-8312-41c0-980e-849293b6261d
7424cabd-390a-4698-b3f9-6116157beb8e,e262fb84-8312-41c0-980e-849293b6261d
63f1ba1b-2647-43a6-8100-f8376dba5cc8,e262fb84-8312-41c0-980e-849293b6261d
4fcceb5f-9bfc-44ad-ba8f-cfc0bd057206,e262fb84-8312-41c0-980e-849293b6261d
b1b4dfd7-f2b0-4775-883d-f071c8f1c896,e262fb84-8312-41c0-980e-849293b6261d
6a23a5e8-c97d-4727-9c0f-bfbe01b79871,e262fb84-8312-41c0-980e-849293b6261d
848e7f4c-432b-457a-9ccc-ca490a98d123,e262fb84-8312-41c0-980e-849293b6261d
c0f88539-f6a5-458b-b8d3-0d0fe63be998,e262fb84-8312-41c0-980e-849293b6261d
2f9bb1c4-4739-43fa-b116-748403c60196,e262fb84-8312-41c0-980e-849293b6261d
677e1174-95f1-485a-9817-ce835e18a2fd,e262fb84-8312-41c0-980e-849293b6261d
7a515af2-a791-4122-8f96-d87fb36212de,e262fb84-8312-41c0-980e-849293b6261d
0ca81ac5-e294-4c57-a955-102af28ad4af,e262fb84-8312-41c0-980e-849293b6261d
3ee12e38-c3eb-43be-811f-b6edc1a61a87,e262fb84-8312-41c0-980e-849293b6261d
8ae90b2c-92aa-49c2-863d-d5a2e99163b9,e262fb84-8312-41c0-980e-849293b6261d
af9ca778-2ea6-473e-8e16-7e932e83a3ab,e262fb84-8312-41c0-980e-849293b6261d
e4710bb6-40cd-416e-acfc-e826b2d7edf8,e262fb84-8312-41c0-980e-849293b6261d
bde4f46a-6029-4ab2-91c0-78283da09f01,e262fb84-8312-41c0-980e-849293b6261d
632a5ab4-e1d2-4ac8-852d-ee3d62062be1,e262fb84-8312-41c0-980e-849293b6261d
9a81ac6c-4379-4e28-91aa-b66cea515ff6,e262fb84-8312-41c0-980e-849293b6261d
a533cfbb-3107-4a32-918e-8a191c3a88e0,e262fb84-8312-41c0-980e-849293b6261d
31befde6-ba92-44b6-a67a-6e59497892df,e262fb84-8312-41c0-980e-849293b6261d
c71dbaaa-668d-4640-a170-a0fd4f93d749,e262fb84-8312-41c0-980e-849293b6261d
18fe0435-c901-47be-aaa2-110686f01050,e262fb84-8312-41c0-980e-849293b6261d
f7aa69c8-7206-4d21-a0d0-e6e1e7c66865,e262fb84-8312-41c0-980e-849293b6261d
9493220a-4f30-4ff2-adaa-95dd4514da22,e262fb84-8312-41c0-980e-849293b6261d
3364eb30-2ca7-4016-847a-49834a37cfdc,e262fb84-8312-41c0-980e-849293b6261d
26c70bd9-31d0-4b1f-9911-07bf782bcc4a,e262fb84-8312-41c0-980e-849293b6261d
a16cb147-38ee-4e98-836d-13d6bb09c255,e262fb84-8312-41c0-980e-849293b6261d
a00fed37-190d-4f1b-9b73-9d18044d0aeb,e262fb84-8312-41c0-980e-849293b6261d
02eb21b9-9e93-4c33-8316-638e7da771e0,e262fb84-8312-41c0-980e-849293b6261d
3bf4d1f2-c329-4708-8cdd-faef4a0c1d7b,e262fb84-8312-41c0-980e-849293b6261d
da527266-43b8-42c9-9601-3e2f4b945d14,e262fb84-8312-41c0-980e-849293b6261d
7cd6f60a-4da2-4969-8739-04d115d1e7c6,e262fb84-8312-41c0-980e-849293b6261d
e6afb708-bd9c-4ec2-84d2-8af59f66ed94,e262fb84-8312-41c0-980e-849293b6261d
20f1347f-cc75-4dbe-9983-57f4501fcc17,e262fb84-8312-41c0-980e-849293b6261d
12ba87f8-83c3-452c-9ff7-ba7410f5d5e4,e262fb84-8312-41c0-980e-849293b6261d
bd1bbaca-96a8-40ac-8dfc-9dedd1ec64d8,e262fb84-8312-41c0-980e-849293b6261d
bbb1b9ee-408f-4eb0-95c9-9145141515b2,e262fb84-8312-41c0-980e-849293b6261d
52c23a6b-a301-44ce-8909-f0f717439dc9,e262fb84-8312-41c0-980e-849293b6261d
6b0aa37e-f158-404d-8c76-1d2b37fbfb5a,e262fb84-8312-41c0-980e-849293b6261d
672cfdbd-8330-42bb-979d-506c7721a148,e262fb84-8312-41c0-980e-849293b6261d
59ac1e62-cdd1-4a28-bbc9-8c8edda6ed66,e262fb84-8312-41c0-980e-849293b6261d
6b887477-f6a6-461f-a465-b1426f9ee6c6,e262fb84-8312-41c0-980e-849293b6261d
1595f099-8b37-4eb7-8f85-fbc8b5f9b9a0,e262fb84-8312-41c0-980e-849293b6261d
7c7f8258-2a5a-4e26-b3ff-5e34432b5513,e262fb84-8312-41c0-980e-849293b6261d
0143eecc-c038-4806-ba09-040d20077c80,e262fb84-8312-41c0-980e-849293b6261d
f972f59d-4bac-4584-97b1-cf1f08f1a5d5,e262fb84-8312-41c0-980e-849293b6261d
15507f4e-16ed-44cd-bdcd-afb6c0fc9bf7,e262fb84-8312-41c0-980e-849293b6261d
296e00e7-f25d-4245-84b4-fc2e49e19fc5,e262fb84-8312-41c0-980e-849293b6261d
9119f5d9-8262-49fb-b6f7-a8fdab237f1f,e262fb84-8312-41c0-980e-849293b6261d
36c801ca-bdee-4594-b134-2e63cc542bdc,e262fb84-8312-41c0-980e-849293b6261d
f174e6bd-64f1-40da-ac90-961a404b8b76,e262fb84-8312-41c0-980e-849293b6261d
cba067d7-689c-4709-9d01-74d874aef8a2,e262fb84-8312-41c0-980e-849293b6261d
405e91d8-aedb-4d74-8ef0-0bbced84da8a,e262fb84-8312-41c0-980e-849293b6261d
a0e07bb1-792f-4d04-a99c-9ea4a89c8eec,e262fb84-8312-41c0-980e-849293b6261d
66a961bb-b4ca-415d-80cc-b21c0d7732f2,e262fb84-8312-41c0-980e-849293b6261d
a6feee4a-80d4-476e-a9ce-37f5de8eb1fb,e262fb84-8312-41c0-980e-849293b6261d
f30d3a9d-93dc-46b5-a451-24089eea1689,e262fb84-8312-41c0-980e-849293b6261d
facf3582-fb75-4d3b-a3ac-ca92f45a4404,e262fb84-8312-41c0-980e-849293b6261d
6e68dc87-157b-4727-bce8-eb803d4e47f6,e262fb84-8312-41c0-980e-849293b6261d
2d4eaf77-1ba7-4c51-b474-8c8256713234,e262fb84-8312-41c0-980e-849293b6261d
8984c003-6b0a-4d5c-98c1-78b18e36070b,e262fb84-8312-41c0-980e-849293b6261d
62b87042-3b7a-46de-b8ca-3f9259c013f4,e262fb84-8312-41c0-980e-849293b6261d
10fc13c4-15f7-4fca-bc21-6b7fc4c0f8ee,e262fb84-8312-41c0-980e-849293b6261d
8f4727e4-aa88-4322-a47b-bc5e3224ec60,e262fb84-8312-41c0-980e-849293b6261d
41351a1c-592a-442f-ba3a-600372353be0,e262fb84-8312-41c0-980e-849293b6261d
b18c8771-9f9a-412e-9f80-d2797c0dc9c1,e262fb84-8312-41c0-980e-849293b6261d
a36201cb-3de6-4f7c-b01f-df29f08ce427,e262fb84-8312-41c0-980e-849293b6261d
2e502b41-6881-4847-8ce4-f0869826aab9,e262fb84-8312-41c0-980e-849293b6261d
94e1ee6b-78e0-4dbc-a577-6005038fe1bc,e262fb84-8312-41c0-980e-849293b6261d
ea60bf75-42a4-45c0-9174-049c62972852,e262fb84-8312-41c0-980e-849293b6261d
1d882e17-bf0f-4088-adb1-56fd318dce99,e262fb84-8312-41c0-980e-849293b6261d
61681a51-a178-4f41-81a8-4429c56d558d,e262fb84-8312-41c0-980e-849293b6261d
30eae9fc-a9d4-4124-b2cc-53be8498bcd0,e262fb84-8312-41c0-980e-849293b6261d
f79631ac-9786-4a4e-a10a-8af0c8e6c6f8,e262fb84-8312-41c0-980e-849293b6261d
6b58f3c7-32ea-4f08-aba3-7a95d89fa607,e262fb84-8312-41c0-980e-849293b6261d
aa2ea385-5f0d-4e9b-9d11-d4fff834c2de,e262fb84-8312-41c0-980e-849293b6261d
9c4fe8d0-d791-4e6f-b3d9-f53fa777e31a,4608ebfb-98e9-4019-a390-ae95ef7b3687
db161b34-065b-4f94-992c-9a3d0561252d,4608ebfb-98e9-4019-a390-ae95ef7b3687
307f855b-dda7-4f5e-adea-bdb568445d59,4608ebfb-98e9-4019-a390-ae95ef7b3687
dae7bb49-374d-457b-ae94-91172a63672d,4608ebfb-98e9-4019-a390-ae95ef7b3687
dceac3de-2d9a-4dbd-a6dc-bfa7647a7321,4608ebfb-98e9-4019-a390-ae95ef7b3687
20e5123f-f389-42e1-9d87-5b0a46d9225b,4608ebfb-98e9-4019-a390-ae95ef7b3687
b65c0085-23ba-44a0-8b5a-ae82f3991fb3,4608ebfb-98e9-4019-a390-ae95ef7b3687
80833a3f-8059-4619-a4cd-946d3eafa6a6,4608ebfb-98e9-4019-a390-ae95ef7b3687
ef89951b-777a-42d6-bc6e-b9a8ba4477d1,4608ebfb-98e9-4019-a390-ae95ef7b3687
8033d7ee-cd3a-45e7-ad38-3da667be9f69,4608ebfb-98e9-4019-a390-ae95ef7b3687
2316ca9c-6213-4a35-afe1-33fe36d29b68,4608ebfb-98e9-4019-a390-ae95ef7b3687
0d46b230-b85b-4664-b4ae-d06a90397e03,4608ebfb-98e9-4019-a390-ae95ef7b3687
ab639ef1-7bb8-44e0-9b9c-31998539e3ed,4608ebfb-98e9-4019-a390-ae95ef7b3687
d51cf1c0-d85d-4855-aaa3-b7bca5b96c0b,4608ebfb-98e9-4019-a390-ae95ef7b3687
dc43eb9b-9e42-456b-98f4-92247d7cd496,4608ebfb-98e9-4019-a390-ae95ef7b3687
95c0c988-6ab2-4f49-b6a1-5810d43dd207,4608ebfb-98e9-4019-a390-ae95ef7b3687
3a8363dd-1805-4c1a-b105-43a483ecf785,4608ebfb-98e9-4019-a390-ae95ef7b3687
f04e6042-c2d4-4b88-8e20-7b9788a0a024,4608ebfb-98e9-4019-a390-ae95ef7b3687
cbaa15c4-1bfd-4660-bb30-a4c94e970738,4608ebfb-98e9-4019-a390-ae95ef7b3687
055910cc-316c-4fc7-9aa9-24354f05a6b5,4608ebfb-98e9-4019-a390-ae95ef7b3687
fcab54b5-0556-4b6b-8288-ee3ea7891a4c,4608ebfb-98e9-4019-a390-ae95ef7b3687
3f258503-bde9-47c7-898e-19ecbde8b1b9,4608ebfb-98e9-4019-a390-ae95ef7b3687
6cb2fee8-9572-4d9a-a667-35adc5598415,4608ebfb-98e9-4019-a390-ae95ef7b3687
74abac33-6328-47bb-bccb-486ce030edd3,4608ebfb-98e9-4019-a390-ae95ef7b3687
8d65512b-cdaa-424f-b941-be8e3486f39f,4608ebfb-98e9-4019-a390-ae95ef7b3687
63c7eccf-c82c-47e2-a17d-205288c9307b,4608ebfb-98e9-4019-a390-ae95ef7b3687
a477fcb1-4890-4ae9-bdfe-a9377dd49fac,4608ebfb-98e9-4019-a390-ae95ef7b3687
d729eeac-4fe1-4fd2-9810-5b2ab590e72c,4608ebfb-98e9-4019-a390-ae95ef7b3687
868205d0-5337-4656-9125-28cb83bf955e,4608ebfb-98e9-4019-a390-ae95ef7b3687
f885421c-5ab5-4e55-9aee-26dfa2099e8c,4608ebfb-98e9-4019-a390-ae95ef7b3687
123c677b-c489-4b19-af34-f2e360ac36cc,4608ebfb-98e9-4019-a390-ae95ef7b3687
6a0cb4a8-80fb-49e8-becc-46ad01f7f84f,4608ebfb-98e9-4019-a390-ae95ef7b3687
7424cabd-390a-4698-b3f9-6116157beb8e,4608ebfb-98e9-4019-a390-ae95ef7b3687
63f1ba1b-2647-43a6-8100-f8376dba5cc8,4608ebfb-98e9-4019-a390-ae95ef7b3687
4fcceb5f-9bfc-44ad-ba8f-cfc0bd057206,4608ebfb-98e9-4019-a390-ae95ef7b3687
b1b4dfd7-f2b0-4775-883d-f071c8f1c896,4608ebfb-98e9-4019-a390-ae95ef7b3687
6a23a5e8-c97d-4727-9c0f-bfbe01b79871,4608ebfb-98e9-4019-a390-ae95ef7b3687
848e7f4c-432b-457a-9ccc-ca490a98d123,4608ebfb-98e9-4019-a390-ae95ef7b3687
c0f88539-f6a5-458b-b8d3-0d0fe63be998,4608ebfb-98e9-4019-a390-ae95ef7b3687
2f9bb1c4-4739-43fa-b116-748403c60196,4608ebfb-98e9-4019-a390-ae95ef7b3687
677e1174-95f1-485a-9817-ce835e18a2fd,4608ebfb-98e9-4019-a390-ae95ef7b3687
7a515af2-a791-4122-8f96-d87fb36212de,4608ebfb-98e9-4019-a390-ae95ef7b3687
0ca81ac5-e294-4c57-a955-102af28ad4af,4608ebfb-98e9-4019-a390-ae95ef7b3687
3ee12e38-c3eb-43be-811f-b6edc1a61a87,4608ebfb-98e9-4019-a390-ae95ef7b3687
8ae90b2c-92aa-49c2-863d-d5a2e99163b9,4608ebfb-98e9-4019-a390-ae95ef7b3687
af9ca778-2ea6-473e-8e16-7e932e83a3ab,4608ebfb-98e9-4019-a390-ae95ef7b3687
e4710bb6-40cd-416e-acfc-e826b2d7edf8,4608ebfb-98e9-4019-a390-ae95ef7b3687
bde4f46a-6029-4ab2-91c0-78283da09f01,4608ebfb-98e9-4019-a390-ae95ef7b3687
632a5ab4-e1d2-4ac8-852d-ee3d62062be1,4608ebfb-98e9-4019-a390-ae95ef7b3687
9a81ac6c-4379-4e28-91aa-b66cea515ff6,4608ebfb-98e9-4019-a390-ae95ef7b3687
a533cfbb-3107-4a32-918e-8a191c3a88e0,4608ebfb-98e9-4019-a390-ae95ef7b3687
31befde6-ba92-44b6-a67a-6e59497892df,4608ebfb-98e9-4019-a390-ae95ef7b3687
c71dbaaa-668d-4640-a170-a0fd4f93d749,4608ebfb-98e9-4019-a390-ae95ef7b3687
18fe0435-c901-47be-aaa2-110686f01050,4608ebfb-98e9-4019-a390-ae95ef7b3687
f7aa69c8-7206-4d21-a0d0-e6e1e7c66865,4608ebfb-98e9-4019-a390-ae95ef7b3687
9493220a-4f30-4ff2-adaa-95dd4514da22,4608ebfb-98e9-4019-a390-ae95ef7b3687
3364eb30-2ca7-4016-847a-49834a37cfdc,4608ebfb-98e9-4019-a390-ae95ef7b3687
26c70bd9-31d0-4b1f-9911-07bf782bcc4a,4608ebfb-98e9-4019-a390-ae95ef7b3687
a16cb147-38ee-4e98-836d-13d6bb09c255,4608ebfb-98e9-4019-a390-ae95ef7b3687
a00fed37-190d-4f1b-9b73-9d18044d0aeb,4608ebfb-98e9-4019-a390-ae95ef7b3687
02eb21b9-9e93-4c33-8316-638e7da771e0,4608ebfb-98e9-4019-a390-ae95ef7b3687
3bf4d1f2-c329-4708-8cdd-faef4a0c1d7b,4608ebfb-98e9-4019-a390-ae95ef7b3687
da527266-43b8-42c9-9601-3e2f4b945d14,4608ebfb-98e9-4019-a390-ae95ef7b3687
7cd6f60a-4da2-4969-8739-04d115d1e7c6,4608ebfb-98e9-4019-a390-ae95ef7b3687
e6afb708-bd9c-4ec2-84d2-8af59f66ed94,4608ebfb-98e9-4019-a390-ae95ef7b3687
20f1347f-cc75-4dbe-9983-57f4501fcc17,4608ebfb-98e9-4019-a390-ae95ef7b3687
12ba87f8-83c3-452c-9ff7-ba7410f5d5e4,4608ebfb-98e9-4019-a390-ae95ef7b3687
bd1bbaca-96a8-40ac-8dfc-9dedd1ec64d8,4608ebfb-98e9-4019-a390-ae95ef7b3687
bbb1b9ee-408f-4eb0-95c9-9145141515b2,4608ebfb-98e9-4019-a390-ae95ef7b3687
52c23a6b-a301-44ce-8909-f0f717439dc9,4608ebfb-98e9-4019-a390-ae95ef7b3687
6b0aa37e-f158-404d-8c76-1d2b37fbfb5a,4608ebfb-98e9-4019-a390-ae95ef7b3687
672cfdbd-8330-42bb-979d-506c7721a148,4608ebfb-98e9-4019-a390-ae95ef7b3687
59ac1e62-cdd1-4a28-bbc9-8c8edda6ed66,4608ebfb-98e9-4019-a390-ae95ef7b3687
6b887477-f6a6-461f-a465-b1426f9ee6c6,4608ebfb-98e9-4019-a390-ae95ef7b3687
1595f099-8b37-4eb7-8f85-fbc8b5f9b9a0,4608ebfb-98e9-4019-a390-ae95ef7b3687
7c7f8258-2a5a-4e26-b3ff-5e34432b5513,4608ebfb-98e9-4019-a390-ae95ef7b3687
0143eecc-c038-4806-ba09-040d20077c80,4608ebfb-98e9-4019-a390-ae95ef7b3687
f972f59d-4bac-4584-97b1-cf1f08f1a5d5,4608ebfb-98e9-4019-a390-ae95ef7b3687
15507f4e-16ed-44cd-bdcd-afb6c0fc9bf7,4608ebfb-98e9-4019-a390-ae95ef7b3687
296e00e7-f25d-4245-84b4-fc2e49e19fc5,4608ebfb-98e9-4019-a390-ae95ef7b3687
9119f5d9-8262-49fb-b6f7-a8fdab237f1f,4608ebfb-98e9-4019-a390-ae95ef7b3687
36c801ca-bdee-4594-b134-2e63cc542bdc,4608ebfb-98e9-4019-a390-ae95ef7b3687
f174e6bd-64f1-40da-ac90-961a404b8b76,4608ebfb-98e9-4019-a390-ae95ef7b3687
cba067d7-689c-4709-9d01-74d874aef8a2,4608ebfb-98e9-4019-a390-ae95ef7b3687
405e91d8-aedb-4d74-8ef0-0bbced84da8a,4608ebfb-98e9-4019-a390-ae95ef7b3687
a0e07bb1-792f-4d04-a99c-9ea4a89c8eec,4608ebfb-98e9-4019-a390-ae95ef7b3687
66a961bb-b4ca-415d-80cc-b21c0d7732f2,4608ebfb-98e9-4019-a390-ae95ef7b3687
a6feee4a-80d4-476e-a9ce-37f5de8eb1fb,4608ebfb-98e9-4019-a390-ae95ef7b3687
f30d3a9d-93dc-46b5-a451-24089eea1689,4608ebfb-98e9-4019-a390-ae95ef7b3687
facf3582-fb75-4d3b-a3ac-ca92f45a4404,4608ebfb-98e9-4019-a390-ae95ef7b3687
6e68dc87-157b-4727-bce8-eb803d4e47f6,4608ebfb-98e9-4019-a390-ae95ef7b3687
2d4eaf77-1ba7-4c51-b474-8c8256713234,4608ebfb-98e9-4019-a390-ae95ef7b3687
8984c003-6b0a-4d5c-98c1-78b18e36070b,4608ebfb-98e9-4019-a390-ae95ef7b3687
62b87042-3b7a-46de-b8ca-3f9259c013f4,4608ebfb-98e9-4019-a390-ae95ef7b3687
10fc13c4-15f7-4fca-bc21-6b7fc4c0f8ee,4608ebfb-98e9-4019-a390-ae95ef7b3687
8f4727e4-aa88-4322-a47b-bc5e3224ec60,4608ebfb-98e9-4019-a390-ae95ef7b3687
41351a1c-592a-442f-ba3a-600372353be0,4608ebfb-98e9-4019-a390-ae95ef7b3687
b18c8771-9f9a-412e-9f80-d2797c0dc9c1,4608ebfb-98e9-4019-a390-ae95ef7b3687
a36201cb-3de6-4f7c-b01f-df29f08ce427,4608ebfb-98e9-4019-a390-ae95ef7b3687
2e502b41-6881-4847-8ce4-f0869826aab9,4608ebfb-98e9-4019-a390-ae95ef7b3687
94e1ee6b-78e0-4dbc-a577-6005038fe1bc,4608ebfb-98e9-4019-a390-ae95ef7b3687
ea60bf75-42a4-45c0-9174-049c62972852,4608ebfb-98e9-4019-a390-ae95ef7b3687
1d882e17-bf0f-4088-adb1-56fd318dce99,4608ebfb-98e9-4019-a390-ae95ef7b3687
61681a51-a178-4f41-81a8-4429c56d558d,4608ebfb-98e9-4019-a390-ae95ef7b3687
30eae9fc-a9d4-4124-b2cc-53be8498bcd0,4608ebfb-98e9-4019-a390-ae95ef7b3687
f79631ac-9786-4a4e-a10a-8af0c8e6c6f8,4608ebfb-98e9-4019-a390-ae95ef7b3687
6b58f3c7-32ea-4f08-aba3-7a95d89fa607,4608ebfb-98e9-4019-a390-ae95ef7b3687
aa2ea385-5f0d-4e9b-9d11-d4fff834c2de,4608ebfb-98e9-4019-a390-ae95ef7b3687
dceac3de-2d9a-4dbd-a6dc-bfa7647a7321,a1076e42-25f0-4e3f-916a-d1412ce63c2a
b65c0085-23ba-44a0-8b5a-ae82f3991fb3,a1076e42-25f0-4e3f-916a-d1412ce63c2a
80833a3f-8059-4619-a4cd-946d3eafa6a6,a1076e42-25f0-4e3f-916a-d1412ce63c2a
ef89951b-777a-42d6-bc6e-b9a8ba4477d1,a1076e42-25f0-4e3f-916a-d1412ce63c2a
8033d7ee-cd3a-45e7-ad38-3da667be9f69,a1076e42-25f0-4e3f-916a-d1412ce63c2a
2316ca9c-6213-4a35-afe1-33fe36d29b68,a1076e42-25f0-4e3f-916a-d1412ce63c2a
ab639ef1-7bb8-44e0-9b9c-31998539e3ed,a1076e42-25f0-4e3f-916a-d1412ce63c2a
d51cf1c0-d85d-4855-aaa3-b7bca5b96c0b,a1076e42-25f0-4e3f-916a-d1412ce63c2a
cbaa15c4-1bfd-4660-bb30-a4c94e970738,a1076e42-25f0-4e3f-916a-d1412ce63c2a
3f258503-bde9-47c7-898e-19ecbde8b1b9,a1076e42-25f0-4e3f-916a-d1412ce63c2a
6cb2fee8-9572-4d9a-a667-35adc5598415,a1076e42-25f0-4e3f-916a-d1412ce63c2a
74abac33-6328-47bb-bccb-486ce030edd3,a1076e42-25f0-4e3f-916a-d1412ce63c2a
8d65512b-cdaa-424f-b941-be8e3486f39f,a1076e42-25f0-4e3f-916a-d1412ce63c2a
63c7eccf-c82c-47e2-a17d-205288c9307b,a1076e42-25f0-4e3f-916a-d1412ce63c2a
d729eeac-4fe1-4fd2-9810-5b2ab590e72c,a1076e42-25f0-4e3f-916a-d1412ce63c2a
f885421c-5ab5-4e55-9aee-26dfa2099e8c,a1076e42-25f0-4e3f-916a-d1412ce63c2a
123c677b-c489-4b19-af34-f2e360ac36cc,a1076e42-25f0-4e3f-916a-d1412ce63c2a
6a0cb4a8-80fb-49e8-becc-46ad01f7f84f,a1076e42-25f0-4e3f-916a-d1412ce63c2a
7424cabd-390a-4698-b3f9-6116157beb8e,a1076e42-25f0-4e3f-916a-d1412ce63c2a
63f1ba1b-2647-43a6-8100-f8376dba5cc8,a1076e42-25f0-4e3f-916a-d1412ce63c2a
4fcceb5f-9bfc-44ad-ba8f-cfc0bd057206,a1076e42-25f0-4e3f-916a-d1412ce63c2a
b1b4dfd7-f2b0-4775-883d-f071c8f1c896,a1076e42-25f0-4e3f-916a-d1412ce63c2a
6a23a5e8-c97d-4727-9c0f-bfbe01b79871,a1076e42-25f0-4e3f-916a-d1412ce63c2a
c0f88539-f6a5-458b-b8d3-0d0fe63be998,a1076e42-25f0-4e3f-916a-d1412ce63c2a
2f9bb1c4-4739-43fa-b116-748403c60196,a1076e42-25f0-4e3f-916a-d1412ce63c2a
677e1174-95f1-485a-9817-ce835e18a2fd,a1076e42-25f0-4e3f-916a-d1412ce63c2a
e4710bb6-40cd-416e-acfc-e826b2d7edf8,a1076e42-25f0-4e3f-916a-d1412ce63c2a
9a81ac6c-4379-4e28-91aa-b66cea515ff6,a1076e42-25f0-4e3f-916a-d1412ce63c2a
18fe0435-c901-47be-aaa2-110686f01050,a1076e42-25f0-4e3f-916a-d1412ce63c2a
f7aa69c8-7206-4d21-a0d0-e6e1e7c66865,a1076e42-25f0-4e3f-916a-d1412ce63c2a
9493220a-4f30-4ff2-adaa-95dd4514da22,a1076e42-25f0-4e3f-916a-d1412ce63c2a
3364eb30-2ca7-4016-847a-49834a37cfdc,a1076e42-25f0-4e3f-916a-d1412ce63c2a
26c70bd9-31d0-4b1f-9911-07bf782bcc4a,a1076e42-25f0-4e3f-916a-d1412ce63c2a
a16cb147-38ee-4e98-836d-13d6bb09c255,a1076e42-25f0-4e3f-916a-d1412ce63c2a
e6afb708-bd9c-4ec2-84d2-8af59f66ed94,a1076e42-25f0-4e3f-916a-d1412ce63c2a
20f1347f-cc75-4dbe-9983-57f4501fcc17,a1076e42-25f0-4e3f-916a-d1412ce63c2a
12ba87f8-83c3-452c-9ff7-ba7410f5d5e4,a1076e42-25f0-4e3f-916a-d1412ce63c2a
7c7f8258-2a5a-4e26-b3ff-5e34432b5513,a1076e42-25f0-4e3f-916a-d1412ce63c2a
0143eecc-c038-4806-ba09-040d20077c80,a1076e42-25f0-4e3f-916a-d1412ce63c2a
f972f59d-4bac-4584-97b1-cf1f08f1a5d5,a1076e42-25f0-4e3f-916a-d1412ce63c2a
15507f4e-16ed-44cd-bdcd-afb6c0fc9bf7,a1076e42-25f0-4e3f-916a-d1412ce63c2a
296e00e7-f25d-4245-84b4-fc2e49e19fc5,a1076e42-25f0-4e3f-916a-d1412ce63c2a
9119f5d9-8262-49fb-b6f7-a8fdab237f1f,a1076e42-25f0-4e3f-916a-d1412ce63c2a
36c801ca-bdee-4594-b134-2e63cc542bdc,a1076e42-25f0-4e3f-916a-d1412ce63c2a
f174e6bd-64f1-40da-ac90-961a404b8b76,a1076e42-25f0-4e3f-916a-d1412ce63c2a
cba067d7-689c-4709-9d01-74d874aef8a2,a1076e42-25f0-4e3f-916a-d1412ce63c2a
405e91d8-aedb-4d74-8ef0-0bbced84da8a,a1076e42-25f0-4e3f-916a-d1412ce63c2a
a0e07bb1-792f-4d04-a99c-9ea4a89c8eec,a1076e42-25f0-4e3f-916a-d1412ce63c2a
66a961bb-b4ca-415d-80cc-b21c0d7732f2,a1076e42-25f0-4e3f-916a-d1412ce63c2a
a6feee4a-80d4-476e-a9ce-37f5de8eb1fb,a1076e42-25f0-4e3f-916a-d1412ce63c2a
f30d3a9d-93dc-46b5-a451-24089eea1689,a1076e42-25f0-4e3f-916a-d1412ce63c2a
facf3582-fb75-4d3b-a3ac-ca92f45a4404,a1076e42-25f0-4e3f-916a-d1412ce63c2a
6e68dc87-157b-4727-bce8-eb803d4e47f6,a1076e42-25f0-4e3f-916a-d1412ce63c2a
2d4eaf77-1ba7-4c51-b474-8c8256713234,a1076e42-25f0-4e3f-916a-d1412ce63c2a
8984c003-6b0a-4d5c-98c1-78b18e36070b,a1076e42-25f0-4e3f-916a-d1412ce63c2a
62b87042-3b7a-46de-b8ca-3f9259c013f4,a1076e42-25f0-4e3f-916a-d1412ce63c2a
10fc13c4-15f7-4fca-bc21-6b7fc4c0f8ee,a1076e42-25f0-4e3f-916a-d1412ce63c2a
8f4727e4-aa88-4322-a47b-bc5e3224ec60,a1076e42-25f0-4e3f-916a-d1412ce63c2a
41351a1c-592a-442f-ba3a-600372353be0,a1076e42-25f0-4e3f-916a-d1412ce63c2a
94e1ee6b-78e0-4dbc-a577-6005038fe1bc,a1076e42-25f0-4e3f-916a-d1412ce63c2a
ea60bf75-42a4-45c0-9174-049c62972852,a1076e42-25f0-4e3f-916a-d1412ce63c2a
30eae9fc-a9d4-4124-b2cc-53be8498bcd0,a1076e42-25f0-4e3f-916a-d1412ce63c2a
6b58f3c7-32ea-4f08-aba3-7a95d89fa607,a1076e42-25f0-4e3f-916a-d1412ce63c2a
aa2ea385-5f0d-4e9b-9d11-d4fff834c2de,a1076e42-25f0-4e3f-916a-d1412ce63c2a
dceac3de-2d9a-4dbd-a6dc-bfa7647a7321,9c571637-1931-489a-b9a0-9a11cd4d6e17
b65c0085-23ba-44a0-8b5a-ae82f3991fb3,9c571637-1931-489a-b9a0-9a11cd4d6e17
80833a3f-8059-4619-a4cd-946d3eafa6a6,9c571637-1931-489a-b9a0-9a11cd4d6e17
ef89951b-777a-42d6-bc6e-b9a8ba4477d1,9c571637-1931-489a-b9a0-9a11cd4d6e17
8033d7ee-cd3a-45e7-ad38-3da667be9f69,9c571637-1931-489a-b9a0-9a11cd4d6e17
2316ca9c-6213-4a35-afe1-33fe36d29b68,9c571637-1931-489a-b9a0-9a11cd4d6e17
0d46b230-b85b-4664-b4ae-d06a90397e03,9c571637-1931-489a-b9a0-9a11cd4d6e17
ab639ef1-7bb8-44e0-9b9c-31998539e3ed,9c571637-1931-489a-b9a0-9a11cd4d6e17
d51cf1c0-d85d-4855-aaa3-b7bca5b96c0b,9c571637-1931-489a-b9a0-9a11cd4d6e17
dc43eb9b-9e42-456b-98f4-92247d7cd496,9c571637-1931-489a-b9a0-9a11cd4d6e17
95c0c988-6ab2-4f49-b6a1-5810d43dd207,9c571637-1931-489a-b9a0-9a11cd4d6e17
3a8363dd-1805-4c1a-b105-43a483ecf785,9c571637-1931-489a-b9a0-9a11cd4d6e17
f04e6042-c2d4-4b88-8e20-7b9788a0a024,9c571637-1931-489a-b9a0-9a11cd4d6e17
cbaa15c4-1bfd-4660-bb30-a4c94e970738,9c571637-1931-489a-b9a0-9a11cd4d6e17
3f258503-bde9-47c7-898e-19ecbde8b1b9,9c571637-1931-489a-b9a0-9a11cd4d6e17
6cb2fee8-9572-4d9a-a667-35adc5598415,9c571637-1931-489a-b9a0-9a11cd4d6e17
74abac33-6328-47bb-bccb-486ce030edd3,9c571637-1931-489a-b9a0-9a11cd4d6e17
8d65512b-cdaa-424f-b941-be8e3486f39f,9c571637-1931-489a-b9a0-9a11cd4d6e17
63c7eccf-c82c-47e2-a17d-205288c9307b,9c571637-1931-489a-b9a0-9a11cd4d6e17
d729eeac-4fe1-4fd2-9810-5b2ab590e72c,9c571637-1931-489a-b9a0-9a11cd4d6e17
868205d0-5337-4656-9125-28cb83bf955e,9c571637-1931-489a-b9a0-9a11cd4d6e17
f885421c-5ab5-4e55-9aee-26dfa2099e8c,9c571637-1931-489a-b9a0-9a11cd4d6e17
123c677b-c489-4b19-af34-f2e360ac36cc,9c571637-1931-489a-b9a0-9a11cd4d6e17
6a0cb4a8-80fb-49e8-becc-46ad01f7f84f,9c571637-1931-489a-b9a0-9a11cd4d6e17
7424cabd-390a-4698-b3f9-6116157beb8e,9c571637-1931-489a-b9a0-9a11cd4d6e17
63f1ba1b-2647-43a6-8100-f8376dba5cc8,9c571637-1931-489a-b9a0-9a11cd4d6e17
4fcceb5f-9bfc-44ad-ba8f-cfc0bd057206,9c571637-1931-489a-b9a0-9a11cd4d6e17
b1b4dfd7-f2b0-4775-883d-f071c8f1c896,9c571637-1931-489a-b9a0-9a11cd4d6e17
6a23a5e8-c97d-4727-9c0f-bfbe01b79871,9c571637-1931-489a-b9a0-9a11cd4d6e17
c0f88539-f6a5-458b-b8d3-0d0fe63be998,9c571637-1931-489a-b9a0-9a11cd4d6e17
2f9bb1c4-4739-43fa-b116-748403c60196,9c571637-1931-489a-b9a0-9a11cd4d6e17
677e1174-95f1-485a-9817-ce835e18a2fd,9c571637-1931-489a-b9a0-9a11cd4d6e17
7a515af2-a791-4122-8f96-d87fb36212de,9c571637-1931-489a-b9a0-9a11cd4d6e17
0ca81ac5-e294-4c57-a955-102af28ad4af,9c571637-1931-489a-b9a0-9a11cd4d6e17
3ee12e38-c3eb-43be-811f-b6edc1a61a87,9c571637-1931-489a-b9a0-9a11cd4d6e17
e4710bb6-40cd-416e-acfc-e826b2d7edf8,9c571637-1931-489a-b9a0-9a11cd4d6e17
9a81ac6c-4379-4e28-91aa-b66cea515ff6,9c571637-1931-489a-b9a0-9a11cd4d6e17
31befde6-ba92-44b6-a67a-6e59497892df,9c571637-1931-489a-b9a0-9a11cd4d6e17
18fe0435-c901-47be-aaa2-110686f01050,9c571637-1931-489a-b9a0-9a11cd4d6e17
f7aa69c8-7206-4d21-a0d0-e6e1e7c66865,9c571637-1931-489a-b9a0-9a11cd4d6e17
9493220a-4f30-4ff2-adaa-95dd4514da22,9c571637-1931-489a-b9a0-9a11cd4d6e17
3364eb30-2ca7-4016-847a-49834a37cfdc,9c571637-1931-489a-b9a0-9a11cd4d6e17
26c70bd9-31d0-4b1f-9911-07bf782bcc4a,9c571637-1931-489a-b9a0-9a11cd4d6e17
a16cb147-38ee-4e98-836d-13d6bb09c255,9c571637-1931-489a-b9a0-9a11cd4d6e17
e6afb708-bd9c-4ec2-84d2-8af59f66ed94,9c571637-1931-489a-b9a0-9a11cd4d6e17
20f1347f-cc75-4dbe-9983-57f4501fcc17,9c571637-1931-489a-b9a0-9a11cd4d6e17
12ba87f8-83c3-452c-9ff7-ba7410f5d5e4,9c571637-1931-489a-b9a0-9a11cd4d6e17
bd1bbaca-96a8-40ac-8dfc-9dedd1ec64d8,9c571637-1931-489a-b9a0-9a11cd4d6e17
bbb1b9ee-408f-4eb0-95c9-9145141515b2,9c571637-1931-489a-b9a0-9a11cd4d6e17
52c23a6b-a301-44ce-8909-f0f717439dc9,9c571637-1931-489a-b9a0-9a11cd4d6e17
6b0aa37e-f158-404d-8c76-1d2b37fbfb5a,9c571637-1931-489a-b9a0-9a11cd4d6e17
7c7f8258-2a5a-4e26-b3ff-5e34432b5513,9c571637-1931-489a-b9a0-9a11cd4d6e17
0143eecc-c038-4806-ba09-040d20077c80,9c571637-1931-489a-b9a0-9a11cd4d6e17
f972f59d-4bac-4584-97b1-cf1f08f1a5d5,9c571637-1931-489a-b9a0-9a11cd4d6e17
15507f4e-16ed-44cd-bdcd-afb6c0fc9bf7,9c571637-1931-489a-b9a0-9a11cd4d6e17
296e00e7-f25d-4245-84b4-fc2e49e19fc5,9c571637-1931-489a-b9a0-9a11cd4d6e17
9119f5d9-8262-49fb-b6f7-a8fdab237f1f,9c571637-1931-489a-b9a0-9a11cd4d6e17
36c801ca-bdee-4594-b134-2e63cc542bdc,9c571637-1931-489a-b9a0-9a11cd4d6e17
f174e6bd-64f1-40da-ac90-961a404b8b76,9c571637-1931-489a-b9a0-9a11cd4d6e17
cba067d7-689c-4709-9d01-74d874aef8a2,9c571637-1931-489a-b9a0-9a11cd4d6e17
405e91d8-aedb-4d74-8ef0-0bbced84da8a,9c571637-1931-489a-b9a0-9a11cd4d6e17
a0e07bb1-792f-4d04-a99c-9ea4a89c8eec,9c571637-1931-489a-b9a0-9a11cd4d6e17
66a961bb-b4ca-415d-80cc-b21c0d7732f2,9c571637-1931-489a-b9a0-9a11cd4d6e17
a6feee4a-80d4-476e-a9ce-37f5de8eb1fb,9c571637-1931-489a-b9a0-9a11cd4d6e17
f30d3a9d-93dc-46b5-a451-24089eea1689,9c571637-1931-489a-b9a0-9a11cd4d6e17
facf3582-fb75-4d3b-a3ac-ca92f45a4404,9c571637-1931-489a-b9a0-9a11cd4d6e17
6e68dc87-157b-4727-bce8-eb803d4e47f6,9c571637-1931-489a-b9a0-9a11cd4d6e17
2d4eaf77-1ba7-4c51-b474-8c8256713234,9c571637-1931-489a-b9a0-9a11cd4d6e17
8984c003-6b0a-4d5c-98c1-78b18e36070b,9c571637-1931-489a-b9a0-9a11cd4d6e17
62b87042-3b7a-46de-b8ca-3f9259c013f4,9c571637-1931-489a-b9a0-9a11cd4d6e17
10fc13c4-15f7-4fca-bc21-6b7fc4c0f8ee,9c571637-1931-489a-b9a0-9a11cd4d6e17
8f4727e4-aa88-4322-a47b-bc5e3224ec60,9c571637-1931-489a-b9a0-9a11cd4d6e17
41351a1c-592a-442f-ba3a-600372353be0,9c571637-1931-489a-b9a0-9a11cd4d6e17
94e1ee6b-78e0-4dbc-a577-6005038fe1bc,9c571637-1931-489a-b9a0-9a11cd4d6e17
ea60bf75-42a4-45c0-9174-049c62972852,9c571637-1931-489a-b9a0-9a11cd4d6e17
1d882e17-bf0f-4088-adb1-56fd318dce99,9c571637-1931-489a-b9a0-9a11cd4d6e17
61681a51-a178-4f41-81a8-4429c56d558d,9c571637-1931-489a-b9a0-9a11cd4d6e17
30eae9fc-a9d4-4124-b2cc-53be8498bcd0,9c571637-1931-489a-b9a0-9a11cd4d6e17
f79631ac-9786-4a4e-a10a-8af0c8e6c6f8,9c571637-1931-489a-b9a0-9a11cd4d6e17
6b58f3c7-32ea-4f08-aba3-7a95d89fa607,9c571637-1931-489a-b9a0-9a11cd4d6e17
aa2ea385-5f0d-4e9b-9d11-d4fff834c2de,9c571637-1931-489a-b9a0-9a11cd4d6e17
8ae90b2c-92aa-49c2-863d-d5a2e99163b9,4608ebfb-98e9-4019-a390-ae95ef7b3667
a533cfbb-3107-4a32-918e-8a191c3a88e0,4608ebfb-98e9-4019-a390-ae95ef7b3667
af9ca778-2ea6-473e-8e16-7e932e83a3ab,4608ebfb-98e9-4019-a390-ae95ef7b3666
bde4f46a-6029-4ab2-91c0-78283da09f01,4608ebfb-98e9-4019-a390-ae95ef7b3666
632a5ab4-e1d2-4ac8-852d-ee3d62062be1,4608ebfb-98e9-4019-a390-ae95ef7b3666